star_name,gaiadr3,logRHK,S_Value,vsini,age,e_vsini
TIC 120462356,4995853014646189696,-4.35,0.38,14.6,1.1,0.5
TIC 238432056,2860924621205256704,-4.4,0.42,4.1,2.2,0.5
TIC 405187645,2745647973856851712,-4.37,0.38,14.6,1.3,0.5
TIC 22527304,2861502032312723328,-4.25,0.56,5.6,2.7,0.5
TIC 12880347,2423292879948720000,-4.97,0.16,2.3,4.3,0.5
TIC 37748347,2430102808294101760,-5.01,0.16,1.8,4.1,0.5
TIC 274801993,540077264003238528,-5.13,0.15,0.6,5.2,0.5
TIC 20926643,2347427402266219008,-4.93,0.18,1.9,11.0,0.5
TIC 401446825,2750176827892427904,-4.81,0.18,0.1,1.6,0.5
TIC 43400838,2343647384368388608,-4.83,0.19,0.1,5.5,0.5
TIC 92226990,2376087581593256448,-5.08,0.15,2.5,7.7,0.5
TIC 257393898,2552925644460225152,-4.96,0.19,0.7,11.4,0.5
TIC 445258206,425040000962559616,-4.96,0.16,0.5,5.3,0.5
TIC 369395755,2348830516542653824,-4.77,0.23,2.1,7.9,0.5
TIC 333606239,2525514785221197696,-4.86,0.19,1.4,2.1,0.5
TIC 66409287,5031808453624044800,-4.59,0.43,1.7,9.9,0.5
TIC 196692982,373208954099200768,-4.47,0.36,2.3,3.9,0.5
TIC 439410069,2468730472844294016,-4.29,0.52,4.2,3.2,0.5
TIC 11568630,5040068191130125056,-4.85,0.19,0.6,3.8,0.5
TIC 10802452,2470272812780609280,-4.32,0.53,4.7,4.0,0.5
TIC 468723402,560130775546153344,-4.85,0.22,0.2,8.7,0.5
TIC 18121498,297045096447719040,-4.89,0.17,3.5,4.2,0.5
TIC 248955931,2482274463233174016,-4.82,0.2,2.5,6.0,0.5
TIC 191770861,396341196983414272,-4.37,0.34,12.9,1.1,0.5
TIC 55857787,5038817840251308288,-4.62,0.29,0.8,3.5,0.5
TIC 18251910,291701396922348672,-4.37,0.39,2.3,2.8,0.5
TIC 29845542,2477891500647336704,-5.07,0.15,4.2,5.0,0.5
TIC 398018469,532057254394731776,-4.98,0.17,0.2,4.5,0.5
TIC 346923890,2585856120791459584,-4.92,0.17,1.1,3.1,0.5
TIC 279209741,519478154178249728,-4.95,0.17,1.3,7.3,0.5
TIC 113710966,96331172942614528,-4.93,0.19,0.1,8.1,0.5
TIC 419015728,2452378776434477184,-4.98,0.17,0.1,12.4,0.5
TIC 456905162,95652018353917056,-5.04,0.16,1.5,7.2,0.5
TIC 373694425,512167948043650816,-4.71,0.26,0.8,4.4,0.5
TIC 60959951,98692614681349248,-4.33,0.45,5.9,1.2,0.5
TIC 24978373,2462426800883134336,-5.17,0.14,0.1,8.1,0.5
TIC 284013790,304991163902854784,-5.04,0.16,0.1,9.0,0.5
TIC 422679659,2511794495013074048,-5.11,0.14,5.1,3.6,0.5
TIC 118268680,105332908999068032,-5.03,0.16,1.8,4.1,0.5
TIC 405376575,104453918172129792,-5.05,0.15,0.7,4.8,0.5
TIC 250419029,2506906787870475904,-4.99,0.16,2.0,5.0,0.5
TIC 97404060,77161217776670208,-4.74,0.23,1.1,6.5,0.5
TIC 379603165,520377795206114688,-4.7,0.33,1.8,7.9,0.5
TIC 292851928,351537889154226816,-5.01,0.16,1.3,4.9,0.5
TIC 72748794,5117974602912370432,-4.82,0.2,0.1,9.0,0.5
TIC 286176467,131483276941461888,-5.08,0.15,3.8,5.7,0.5
TIC 251109533,2495335115182966016,-5.05,0.15,2.4,7.2,0.5
TIC 35722731,2495442626804315392,-4.45,0.59,3.2,5.5,0.5
TIC 73626552,132922438878995968,-4.88,0.18,0.1,9.1,0.5
TIC 298896144,2132788541955849984,-4.92,0.17,1.7,,0.5
TIC 302158903,438829629114680704,-5.12,0.14,8.0,2.4,0.5
TIC 436862182,114575472461716864,-4.82,0.23,1.0,10.4,0.5
TIC 436933294,116037204451525376,-5.08,0.17,1.7,12.8,0.5
TIC 88348777,5076269164798852864,-4.7,0.37,2.6,,0.5
TIC 387609654,8479094371605632,-4.34,0.71,3.3,7.0,0.5
TIC 34691643,115311458058061440,-4.91,0.18,0.1,2.6,0.5
TIC 439911365,5181087291900789888,-4.9,0.18,0.1,9.5,0.5
TIC 441501782,5155981730587168384,-4.98,0.16,1.4,8.0,0.5
TIC 186807955,138972467251590656,-5.03,0.16,1.9,5.6,0.5
TIC 116988032,436648129327098496,-5.04,0.15,3.4,4.5,0.5
TIC 49845357,3265335443260522112,-5.11,0.14,8.3,3.0,0.5
TIC 365441779,14163878724940672,-4.94,0.19,1.6,7.5,0.5
TIC 279069526,3261878613062758144,-4.82,0.2,1.1,4.3,0.5
TIC 259254485,435646474233078144,-4.89,0.17,16.8,1.9,0.5
TIC 9967949,5168359139139252352,-5.15,0.14,0.1,6.4,0.5
TIC 118572803,5164707970261890560,-4.53,0.43,2.2,,0.5
TIC 435294041,56413781254974080,-5.17,0.14,0.1,10.7,0.5
TIC 301481148,3263319007654791552,-4.99,0.17,1.8,10.7,0.5
TIC 38511251,5164120762333028736,-5.19,0.14,0.1,6.7,0.5
TIC 201242999,231113736385994624,-4.97,0.18,0.1,13.6,0.5
TIC 456863621,43802039287826432,-5.06,0.15,2.6,5.8,0.5
TIC 385590511,66892264508548864,-5.0,0.16,2.9,4.2,0.5
TIC 242942985,43499295632961152,-4.86,0.19,0.1,4.9,0.5
TIC 393194318,474648763011926272,-5.02,0.17,0.3,13.1,0.5
TIC 89320803,5082840945798327936,-5.08,0.15,0.1,9.9,0.5
TIC 15736408,53112944270520832,-4.59,0.26,3.1,1.7,0.5
TIC 44791577,4889216948147099520,-4.9,0.2,1.9,10.1,0.5
TIC 67772871,3195919528989223040,-5.01,0.17,0.5,12.8,0.5
TIC 27936849,257134507991047936,-5.01,0.16,2.9,4.0,0.5
TIC 117979951,2980492387558410112,-4.59,0.26,3.0,1.6,0.5
TIC 399665349,3288921720025503360,-4.89,0.17,16.4,1.2,0.5
TIC 96211765,174156255225869440,-5.07,0.15,1.2,6.3,0.5
TIC 21240825,254503754623418240,-4.9,0.17,0.1,8.9,0.5
TIC 682491,4879850208590379904,-4.69,0.52,2.3,7.9,0.5
TIC 262501618,3239548665775613056,-4.84,0.18,0.1,1.2,0.5
TIC 389136129,3392510077730740480,-5.07,0.15,2.4,7.5,0.5
TIC 27136704,3407611182744289152,-5.05,0.15,1.9,9.1,0.5
TIC 284794221,3290765291786058496,-5.1,0.14,1.4,8.6,0.5
TIC 69528586,3421680597955802624,-5.06,0.15,1.1,3.5,0.5
TIC 262300150,3238810137558836352,-4.89,0.17,1.3,1.4,0.5
TIC 284907742,3241295308714904960,-4.97,0.17,2.5,5.8,0.5
TIC 408190069,2981583790287411200,-5.08,0.14,2.7,4.7,0.5
TIC 409104974,188771135583573504,-5.09,0.15,0.1,4.8,0.5
TIC 449310490,3234481566438473600,-5.05,0.15,2.9,3.5,0.5
TIC 320790248,281179246740400384,-5.06,0.15,2.0,7.8,0.5
TIC 302762322,3341047161115131904,-4.38,0.5,3.8,4.7,0.5
TIC 19631691,3402798414192387328,-4.85,0.19,0.3,11.6,0.5
TIC 310872966,215395053733297024,-4.98,0.18,0.5,12.7,0.5
TIC 140282069,2902205991429301888,-4.84,0.19,1.2,5.4,0.5
TIC 311063391,263916708025623680,-4.56,0.37,3.0,4.1,0.5
TIC 138350803,552477109464650752,-4.29,0.5,4.4,2.4,0.5
TIC 200093173,3219847066672970368,-5.03,0.16,3.7,3.9,0.5
TIC 32869782,2915523482424724224,-4.43,0.32,6.3,1.0,0.5
TIC 176521059,3023711269067191296,-4.95,0.17,0.1,4.0,0.5
TIC 114776214,3399063235755057792,-4.54,0.28,8.9,0.8,0.5
TIC 91928222,3346787986201584896,-5.06,0.15,1.1,7.5,0.5
TIC 39543054,3022685626580347392,-5.08,0.15,0.1,8.5,0.5
TIC 440489582,961428192989499904,-4.68,0.22,6.4,0.9,0.5
TIC 153289168,3319126988068404096,-4.98,0.16,0.1,2.8,0.5
TIC 468874310,1107458592882148096,-5.02,0.16,1.3,10.7,0.5
TIC 59846132,2937506911753275008,-5.1,0.14,0.5,4.0,0.5
TIC 59545062,3369088315397965056,-4.99,0.16,0.1,5.8,0.5
TIC 251216282,3118688251708604928,-5.1,0.15,1.4,3.0,0.5
TIC 49831913,2898239468873596800,-4.93,0.17,0.8,2.5,0.5
TIC 42334982,3118434397663311360,-4.98,0.16,5.3,5.0,0.5
TIC 206680304,3330686669209149824,-5.05,0.15,0.1,2.6,0.5
TIC 48622550,2899947933845777920,-5.0,0.15,6.1,3.5,0.5
TIC 144132551,955758320761687680,-5.1,0.15,2.3,7.5,0.5
TIC 234928947,3131777319158581376,-4.91,0.2,1.3,13.4,0.5
TIC 220204291,3326573774163806336,-5.02,0.16,2.3,3.1,0.5
TIC 172734582,2918894859953947392,-4.99,0.16,0.1,6.4,0.5
TIC 307754027,952326504452337792,-5.0,0.16,3.8,2.5,0.5
TIC 21267079,951427000863064192,-4.85,0.2,2.0,4.9,0.5
TIC 53175558,5579783574073770112,-5.08,0.15,3.8,3.0,0.5
TIC 53688090,5609058277323483392,-5.14,0.14,2.1,9.1,0.5
TIC 123838254,3050309864100076544,-4.93,0.17,3.5,2.7,0.5
TIC 80224448,3380479015342121600,-4.96,0.16,2.3,1.9,0.5
TIC 80226651,3381727613874753536,-5.0,0.16,0.1,4.7,0.5
TIC 301780349,3113909602378333056,-5.06,0.15,1.5,6.1,0.5
TIC 58853031,3379989457790428416,-4.85,0.18,0.9,7.9,0.5
TIC 268565917,3101382419728401408,-5.1,0.14,3.6,2.9,0.5
TIC 270889166,3153772873178431744,-4.65,0.32,1.7,8.2,0.5
TIC 91686663,887822001246832384,-5.0,0.16,0.1,5.1,0.5
TIC 295742782,3033005406506033664,-4.91,0.17,0.1,5.4,0.5
TIC 284620820,3111942885310862848,-4.96,0.16,0.0,3.3,0.5
TIC 60847893,3362649918901844608,-4.98,0.17,1.8,6.1,0.5
TIC 16045498,898639447612575104,-4.52,0.42,1.9,3.3,0.5
TIC 7131321,3054448838181163520,-4.41,0.57,4.1,8.7,0.5
TIC 66100263,3057712223051571200,-4.44,0.52,1.6,7.4,0.5
TIC 171523537,876370076542359936,-4.98,0.17,0.1,13.3,0.5
TIC 154234114,5596797039059063680,-4.94,0.17,1.2,2.6,0.5
TIC 71520610,1122811657854754560,-4.93,0.17,0.1,6.3,0.5
TIC 97255459,681096777089578112,-5.05,0.16,1.1,2.5,0.5
TIC 165852811,902007870203594880,-4.91,0.18,0.1,10.6,0.5
TIC 27549653,656546537868692480,-5.02,0.16,1.8,3.8,0.5
TIC 145972795,5548164986925169024,-4.89,0.18,1.8,2.3,0.5
TIC 307624961,5726982995343100928,-4.97,0.17,0.5,7.5,0.5
TIC 302188141,683184784030475520,-5.23,0.13,0.2,3.2,0.5
TIC 6953932,656046844193198848,-5.05,0.15,0.1,1.5,0.5
TIC 270205941,5644325284591298688,-5.0,0.16,0.6,4.1,0.5
TIC 169108295,3065191272937568896,-5.06,0.15,1.7,3.1,0.5
TIC 282854588,1027330446055197952,-5.04,0.15,0.1,5.1,0.5
TIC 393844873,5640565607657897728,-4.93,0.18,0.2,11.3,0.5
TIC 121286109,3073562610873679872,-4.59,0.32,2.2,4.5,0.5
TIC 332064670,704967037090946688,-4.98,0.18,1.7,7.9,0.5
TIC 188503588,717094512905486976,-4.43,0.41,4.7,6.2,0.5
TIC 283786963,584923525799308160,-5.13,0.14,1.9,6.1,0.5
TIC 355127594,714116137767540096,-4.7,0.22,2.5,1.3,0.5
TIC 290553722,3844124407140189440,-5.06,0.16,1.0,11.6,0.5
TIC 405485269,5691782130578684544,-4.95,0.17,0.2,2.0,0.5
TIC 32820141,5424836719001215360,-4.92,0.19,2.0,6.1,0.5
TIC 11310083,5663558453071724288,-5.03,0.15,4.3,2.6,0.5
TIC 23969522,821455861647126656,-5.09,0.15,2.2,5.3,0.5
TIC 453445590,826522617385730304,-4.46,0.36,6.2,1.7,0.5
TIC 172954294,746545172372256384,-5.09,0.15,2.4,4.9,0.5
TIC 26073633,3766401961693098368,-4.42,0.55,3.4,8.1,0.5
TIC 407590949,747090839376823552,-5.05,0.15,2.9,5.7,0.5
TIC 407591082,747266452000257280,-4.84,0.28,1.3,9.8,0.5
TIC 39777146,806000816970521728,,0.03,0.1,4.7,0.5
TIC 193032655,5461620846141553024,-4.98,0.16,0.1,5.8,0.5
TIC 36954567,3775795982881589376,-4.99,0.17,1.6,5.9,0.5
TIC 277895096,3855524182352238336,-4.34,0.37,8.9,1.1,0.5
TIC 169248301,3802549437248150656,-5.02,0.16,2.1,4.7,0.5
TIC 188043641,5455707157211784832,-4.33,0.63,5.4,5.7,0.5
TIC 150276644,829777377964973952,-4.38,0.35,11.3,1.4,0.5
TIC 21535479,777254360337133312,-4.99,0.16,1.8,5.2,0.5
TIC 82285488,3996290700391101952,-4.33,0.49,5.0,2.7,0.5
TIC 23270430,5452492082132835840,-4.87,0.18,0.1,7.1,0.5
TIC 20416870,3532823773073745536,-5.04,0.16,1.3,11.0,0.5
TIC 85335212,761919883981626752,-4.46,0.32,5.9,1.0,0.5
TIC 82308728,3997075206232885888,-4.97,0.18,0.1,9.3,0.5
TIC 38086286,3786697056556771584,-4.95,0.17,0.6,8.1,0.5
TIC 437256139,3545597177611374848,-4.79,0.2,0.1,5.2,0.5
TIC 363549733,3812355328621651328,-4.86,0.2,2.2,4.6,0.5
TIC 219030951,3966121308211393920,-4.93,0.17,1.7,2.0,0.5
TIC 57611256,3478127463341507072,-4.9,0.2,0.3,11.5,0.5
TIC 185260035,3591819100253606784,-4.44,0.31,3.3,0.7,0.5
TIC 101641846,4025850731201819392,-4.54,0.31,2.2,3.5,0.5
TIC 32636439,3480588449539357184,-4.85,0.18,2.8,2.6,0.5
TIC 32636530,3480395137355028480,-4.77,0.24,1.6,7.9,0.5
TIC 454082369,5381537023379295232,-4.92,0.17,0.1,8.0,0.5
TIC 152738837,3575733210781078016,-5.05,0.16,1.9,6.6,0.5
TIC 21623610,1536064958579187840,-4.63,0.3,2.4,3.3,0.5
TIC 72408098,3946438125929224320,-4.22,0.48,4.9,1.3,0.5
TIC 66666079,3693358861640279296,-5.03,0.16,1.3,4.0,0.5
TIC 458445966,1534011998572555776,,0.02,0.1,5.6,0.5
TIC 51739133,3681795018676501120,-5.04,0.15,1.9,5.2,0.5
TIC 288529330,3529518709839090176,-5.08,0.15,1.9,5.2,0.5
TIC 160010717,3957887649746830976,-4.66,0.25,2.9,2.4,0.5
TIC 320211956,1527631807474248448,-4.93,0.22,0.5,10.9,0.5
TIC 381726125,3729017810434416128,-4.87,0.19,1.6,5.1,0.5
TIC 30293512,6141742283401003264,-5.08,0.15,1.9,5.0,0.5
TIC 292113181,3684934540986187776,-5.0,0.19,0.7,7.9,0.5
TIC 422478973,3507879565090229888,-4.97,0.17,0.8,7.1,0.5
TIC 393713800,3712538708114516736,-5.13,0.14,0.1,10.0,0.5
TIC 393713801,3712538811193759744,-5.03,0.17,0.1,11.2,0.5
TIC 95473936,3740176925743994752,-5.12,0.14,0.1,7.8,0.5
TIC 405501056,6166183842771027328,-5.03,0.16,1.9,6.8,0.5
TIC 367758219,1249969937088029056,-4.61,0.27,0.9,4.1,0.5
TIC 457880598,3724242219117947904,-5.08,0.15,1.8,7.8,0.5
TIC 308311310,6303961686341504512,-4.58,0.37,1.5,8.8,0.5
TIC 147718994,3646061719703116032,-5.03,0.16,0.1,8.6,0.5
TIC 203230367,3642413746280598784,-4.96,0.19,0.3,11.3,0.5
TIC 446436963,3654496279558010624,-4.96,0.17,0.1,6.5,0.5
TIC 27525457,1491593733326694912,,0.04,1.6,6.4,0.5
TIC 349606708,1176209886733406592,-4.49,0.59,3.6,6.5,0.5
TIC 159613900,1668690628102524672,-4.03,0.7,17.4,6.0,0.5
TIC 345291554,1237374997031931392,-4.93,0.17,0.3,5.1,0.5
TIC 368804760,3655492127855307136,-4.71,0.31,1.6,9.3,0.5
TIC 189694184,3650718804281798912,-4.64,0.29,1.8,4.9,0.5
TIC 198304072,1265976524286377856,-4.56,0.26,6.0,0.9,0.5
TIC 129383,6229442835525861120,-4.75,0.41,0.7,10.2,0.5
TIC 267365256,1236929488664453376,-4.46,0.44,4.4,5.6,0.5
TIC 161058448,1606148310770764288,-4.95,0.18,0.4,12.5,0.5
TIC 440875191,6224299285781594624,-4.47,0.3,9.2,1.0,0.5
TIC 441003396,6224560144909475840,-4.4,0.34,9.7,1.1,0.5
TIC 202426247,1620024491110370688,-4.27,0.48,10.7,1.2,0.5
TIC 351354256,1212385193677160832,-5.07,0.15,1.9,7.3,0.5
TIC 61397572,6226694571859532800,-5.08,0.15,2.3,5.7,0.5
TIC 461272840,4419140645978987904,-4.54,0.38,3.7,5.5,0.5
TIC 136916387,5902750168276592256,-4.93,0.17,0.1,8.8,0.5
TIC 400015692,1170797781264303616,-5.02,0.16,0.1,7.7,0.5
TIC 116385975,1391009653702531072,-4.79,0.2,1.7,4.0,0.5
TIC 37149743,6317854118838346752,-4.45,0.49,1.9,3.6,0.5
TIC 159331748,1720995598827436928,-4.38,0.48,5.8,4.6,0.5
TIC 148817611,1389522392427772288,,0.02,1.2,9.5,0.5
TIC 283889641,1224551770875466496,-4.49,0.3,8.0,0.6,0.5
TIC 296740796,4430238051199001216,-4.97,0.16,2.0,4.8,0.5
TIC 437430894,6248534171318085376,-4.76,0.21,1.7,1.6,0.5
TIC 172607904,1191518146611956096,-4.93,0.17,0.1,7.5,0.5
TIC 272814606,4426054581256895104,-4.41,0.35,4.9,0.7,0.5
TIC 458494003,1323427759184545536,-5.06,0.15,0.1,8.4,0.5
TIC 410994457,4341501106288171008,-5.07,0.15,1.7,4.2,0.5
TIC 291067698,4456798781792997888,-4.47,0.31,3.4,1.7,0.5
TIC 219483057,1385293808145621504,-5.05,0.16,2.0,8.4,0.5
TIC 119985831,4464207428577214464,-4.94,0.18,1.7,14.7,0.5
TIC 135656809,4345775217221821312,-5.03,0.16,1.5,3.3,0.5
TIC 281738302,4383374219923745024,-4.87,0.21,1.8,7.3,0.5
TIC 230123572,1648568843759668480,-5.02,0.16,0.9,11.8,0.5
TIC 326927305,4381250547575102208,-4.49,0.35,3.8,4.6,0.5
TIC 157865215,4377537462448122112,-4.34,0.38,17.1,1.4,0.5
TIC 181938424,4339941101147274496,-4.58,0.27,0.1,2.1,0.5
TIC 198562505,1359938520253565952,-4.76,0.22,1.2,7.0,0.5
TIC 9728611,1333760419707327744,-5.0,0.16,0.1,8.0,0.5
TIC 59476871,4367026303085396352,-4.97,0.17,0.1,4.7,0.5
TIC 157921708,5975810379449715968,-4.92,0.17,0.1,4.5,0.5
TIC 219880402,1637110042813188608,-4.97,0.17,0.1,10.9,0.5
TIC 39464221,1335880415564253312,-4.91,0.17,1.0,1.6,0.5
TIC 441801208,1651469733391948288,-4.81,0.21,1.7,3.9,0.5
TIC 460067868,4594497769766809216,-5.08,0.15,0.1,7.4,0.5
TIC 8147643,4171518910746338560,-5.06,0.15,0.1,6.4,0.5
TIC 158917706,4584639307993378432,-4.96,0.16,0.1,5.8,0.5
TIC 159019691,4582680493669880704,-5.05,0.16,0.1,10.6,0.5
TIC 75946144,4610177733290768896,-5.03,0.17,0.1,12.4,0.5
TIC 416117806,2115351387048328832,-5.02,0.16,1.9,5.4,0.5
TIC 379558372,4052127925286198400,-4.83,0.18,3.4,3.9,0.5
TIC 16465196,4157584215800708736,-5.1,0.15,2.4,9.8,0.5
TIC 18097734,4153637759337630720,-5.03,0.16,0.1,10.3,0.5
TIC 53134037,4048037707717866880,-5.11,0.14,0.1,2.8,0.5
TIC 186271747,4093301474693288960,-4.67,0.31,1.4,9.8,0.5
TIC 1544160,4079684229322231040,-4.95,0.17,0.1,4.6,0.5
TIC 123234496,2117279002732678656,-4.89,0.2,2.2,5.9,0.5
TIC 282038438,4530744134231683840,-5.03,0.15,16.3,1.1,0.5
TIC 20785413,2041085973668754176,-4.87,0.18,0.9,2.3,0.5
TIC 42812945,2044341077844180736,-4.86,0.19,2.2,4.3,0.5
TIC 298896136,2132788541955849216,-4.91,0.18,0.1,7.9,0.5
TIC 2288734,6770313530317154560,-4.63,0.23,6.1,1.3,0.5
TIC 3409107,4201307051566729984,-5.11,0.15,1.8,10.8,0.5
TIC 394547839,2046207670631964928,,0.13,0.9,7.5,0.5
TIC 359981217,4315804351350378496,-5.0,0.17,1.3,6.6,0.5
TIC 259237827,2261614264931057664,-4.82,0.22,0.5,8.8,0.5
TIC 27533341,2135550755683405952,-5.06,0.15,2.3,5.9,0.5
TIC 27533327,2135550755683407232,-5.05,0.15,1.6,5.6,0.5
TIC 58559140,2047452661412980736,-5.02,0.16,1.4,5.4,0.5
TIC 281360699,4303735493232528640,-5.01,0.16,0.1,8.8,0.5
TIC 281446108,4298143102210310272,-4.54,0.29,3.9,2.1,0.5
TIC 375621179,4296708789290712064,-5.18,0.14,0.1,4.4,0.5
TIC 418189606,1807953155988203264,-4.95,0.17,0.1,7.0,0.5
TIC 105999792,2029433521248546304,-5.12,0.14,2.1,8.2,0.5
TIC 287947139,1833199729671740800,-5.03,0.16,0.1,13.1,0.5
TIC 275240386,1821708351374312064,-4.83,0.19,2.3,1.8,0.5
TIC 87216634,1809360187275432832,-5.04,0.16,0.8,12.5,0.5
TIC 243962745,4224259562941398400,-4.52,0.5,2.1,6.6,0.5
TIC 326096771,6847167606385195648,-4.99,0.18,1.2,10.6,0.5
TIC 210171104,1815418118373631360,-5.0,0.16,2.0,7.6,0.5
TIC 205591703,6904703228801028864,-5.16,0.14,1.2,7.4,0.5
TIC 375001160,1754663916181432704,-4.95,0.18,1.4,9.7,0.5
TIC 282257777,1754430373040023168,-5.07,0.15,6.8,1.8,0.5
TIC 188401533,6854626246593473792,-4.93,0.18,0.1,5.1,0.5
TIC 387526927,2274943403875614976,-4.32,0.51,6.4,2.6,0.5
TIC 364182010,2277839861099828480,-4.94,0.17,1.7,10.2,0.5
TIC 23959521,6889877723248418816,-5.02,0.16,2.1,4.7,0.5
TIC 248854510,6912276699251278848,-4.98,0.16,2.6,4.0,0.5
TIC 283712633,1736965554247359232,-4.62,0.26,2.9,3.0,0.5
TIC 289952026,6787883382523590400,-4.47,0.34,4.9,1.4,0.5
TIC 388996956,1743592452563243136,-4.42,0.8,3.3,8.9,0.5
TIC 79403675,6463782435948431616,-3.97,0.88,14.7,1.8,0.5
TIC 268215639,1784061008815679232,-4.45,0.3,2.6,1.0,0.5
TIC 248039969,1801257095797922048,-5.09,0.14,0.9,3.0,0.5
TIC 248046660,1800378139330660992,-4.55,0.3,1.6,3.0,0.5
TIC 399897311,1898230241798771584,-4.8,0.27,1.2,7.5,0.5
TIC 331542393,1962726975409359872,-4.44,0.36,4.2,2.1,0.5
TIC 80080066,6612887104710588928,-4.36,0.35,16.1,0.8,0.5
TIC 420814525,1779546757669063552,-4.97,0.16,3.3,2.5,0.5
TIC 50227884,2619706544757416192,-5.07,0.15,0.1,9.6,0.5
TIC 97402436,6612242034982766848,-4.97,0.16,13.6,1.8,0.5
TIC 415868365,2723309333554727936,-4.74,0.22,0.9,3.8,0.5
TIC 200215494,1982946891164168576,-5.06,0.15,0.1,4.2,0.5
TIC 67069964,1990119967591008384,-4.78,0.2,1.2,1.6,0.5
TIC 60781630,2720132500864789760,-4.97,0.18,0.1,11.3,0.5
TIC 139298196,2835207319109249920,-5.06,0.15,2.0,4.7,0.5
TIC 38271828,2648914040357320576,-5.09,0.15,1.4,6.8,0.5
TIC 257428010,2714977131360438272,-4.99,0.16,1.9,2.4,0.5
TIC 455819325,1935133906477014016,-4.89,0.19,2.2,6.3,0.5
TIC 431698314,1909581805999126784,-4.85,0.23,0.8,7.0,0.5
TIC 214664575,2411855072801159040,-4.91,0.19,1.2,5.2,0.5
TIC 49644110,2436812303124645504,-4.86,0.23,1.4,10.4,0.5
TIC 444314028,2011251030583236352,-5.07,0.16,0.1,10.8,0.5
TIC 250080475,2633449134434620288,-4.99,0.16,1.0,5.3,0.5
TIC 9005067,2440578577126302336,-4.95,0.17,0.5,5.4,0.5
TIC 419939011,2642917402722969856,-4.42,0.46,2.9,5.4,0.5
TIC 422724148,2742734268045411328,-5.07,0.15,1.6,6.0,0.5
TIC 403021108,2765462891378117504,-4.84,0.24,1.6,4.1,0.5
TIC 191204685,381634580422627584,-4.99,0.18,1.2,9.7,0.5
TIC 275260654,539239848459770624,-5.1,0.15,2.7,7.0,0.5
TIC 468353889,563920276727925376,-4.66,0.28,2.7,7.6,0.5
TIC 459427073,4423865487962417024,-4.89,0.18,1.2,2.7,0.5
TIC 381270241,2790914111658905216,-4.92,0.18,1.1,9.1,0.5
TIC 252191219,411413822074322432,-4.81,0.22,0.1,,0.5
TIC 123234496,2117279002732678656,-5.02,0.16,2.5,,0.5
TIC 120495825,2103877089862772352,-5.17,0.14,3.2,,0.5
TIC 271668882,2078105327586616704,-4.96,0.18,1.2,,0.5
TIC 61128703,310361075612875392,-4.49,0.51,2.0,6.2,0.5
TIC 32550429,2456361448068627712,-5.02,0.18,1.8,10.1,0.5
TIC 186530059,323570058554178688,-4.72,0.25,1.1,5.6,0.5
TIC 456861826,2786053067672564736,-5.03,0.18,2.1,11.8,0.5
TIC 248957280,2534009921293834240,-5.0,0.17,0.1,6.0,0.5
TIC 29900813,2477815222028038272,-4.44,0.43,2.1,4.4,0.5
TIC 444719849,513099096957522304,-4.89,0.19,1.4,5.0,0.5
TIC 430313173,2589332879637571328,-4.48,0.5,2.7,11.3,0.5
TIC 327507922,348515297330773120,-5.17,0.14,2.2,4.3,0.5
TIC 24910401,2461045711199481472,-4.51,0.3,2.1,1.9,0.5
TIC 395524388,560384934529559808,-5.01,0.17,2.4,9.9,0.5
TIC 302618307,518458597663391744,-4.47,0.7,2.1,8.6,0.5
TIC 266746662,5135093346121603712,-4.27,0.46,15.9,1.3,0.5
TIC 419940916,2517585931994600448,-4.32,0.42,8.6,2.3,0.5
TIC 306426710,100254161710940928,-4.49,0.32,2.8,1.3,0.5
TIC 306450964,100380639907919872,-4.66,0.28,2.5,3.4,0.5
TIC 332819192,2493069773336748928,-4.53,0.71,2.3,6.4,0.5
TIC 118271073,106774952858617088,-4.54,0.31,2.0,3.6,0.5
TIC 118295808,106051542927008128,-5.06,0.15,8.0,1.8,0.5
TIC 419994887,2513664248895784192,-5.21,0.13,1.5,3.5,0.5
TIC 408130762,2486984045196486784,-4.54,0.75,2.8,5.0,0.5
TIC 420031394,2516606060975446528,-4.97,0.17,1.9,8.7,0.5
TIC 65325217,5069294481507177344,-4.56,0.33,1.8,10.1,0.5
TIC 245750473,463953194934419968,-4.54,0.28,0.1,1.8,0.5
TIC 397368422,114832620743735808,-4.5,0.4,3.2,9.4,0.5
TIC 347572104,6989290475763456,-5.01,0.17,1.5,6.0,0.5
TIC 365294034,6963761190199424,-4.59,0.25,2.5,1.2,0.5
TIC 116611574,439357119819592960,-4.92,0.18,0.9,4.0,0.5
TIC 23220549,5166951386298774144,-4.3,0.57,7.0,2.7,0.5
TIC 445925813,10608573516849536,-4.44,0.33,6.2,0.8,0.5
TIC 101349357,122704230645584768,-4.61,0.24,0.1,1.3,0.5
TIC 316960830,450244995054087168,-4.91,0.2,2.0,6.3,0.5
TIC 9150015,3256786534197166208,-4.36,0.35,17.8,1.3,0.5
TIC 353129911,225709641034907264,-4.52,0.42,6.2,4.7,0.5
TIC 353204779,225643223661003392,-5.27,0.12,0.1,3.3,0.5
TIC 467753728,169149766470219520,-5.01,0.15,3.1,4.5,0.5
TIC 16048383,149005270337201792,-4.44,0.34,6.1,1.8,0.5
TIC 250193088,3203761005400205824,-4.64,0.25,3.4,2.8,0.5
GAIA DR3 145325548516513280,145325548516513280,-4.49,0.36,4.4,3.4,0.5
TIC 59087638,3313662896313355008,-4.55,0.27,6.3,1.4,0.5
TIC 37947783,3179384931394690304,-5.04,0.16,2.2,6.9,0.5
TIC 60903802,3313689422030650496,-4.48,0.32,3.5,1.7,0.5
TIC 373027194,3306922958753764992,-4.44,0.31,9.0,1.2,0.5
TIC 65890294,476247246758218112,-4.27,0.55,5.3,2.2,0.5
TIC 1334907,4824866896260056448,-4.63,0.3,2.3,4.0,0.5
TIC 293608218,3392089755051027712,-4.71,0.26,2.5,6.8,0.5
TIC 367256717,181312735893067008,-5.06,0.15,0.1,6.6,0.5
TIC 189020586,2988305826422644224,-5.27,0.12,1.7,7.6,0.5
TIC 264588636,3234412606443085824,-4.96,0.23,2.2,12.9,0.5
TIC 369134047,212255157762755712,-4.95,0.18,1.7,4.4,0.5
TIC 144730053,3332911492327546368,-5.01,0.17,1.6,5.7,0.5
TIC 46686960,2972016080621222528,-5.08,0.15,1.5,6.8,0.5
TIC 158111564,5567900121118276736,-4.39,0.33,16.1,1.1,0.5
TIC 468810471,1107146846976017152,-4.48,0.38,3.0,7.6,0.5
TIC 153498031,3330062833797919744,-4.57,0.28,4.3,1.2,0.5
TIC 124494439,2913411183149615744,-4.44,0.37,6.2,1.9,0.5
TIC 385758388,3370405118012181632,-5.08,0.16,2.3,7.3,0.5
TIC 206948365,3327980255695313792,-4.91,0.2,1.9,8.4,0.5
TIC 101145648,2919760965880144384,-5.04,0.16,2.2,6.2,0.5
TIC 240153098,937667952871051776,-4.85,0.27,0.5,10.3,0.5
TIC 141523112,1141280704422528128,-5.13,0.14,3.7,2.1,0.5
TIC 281812116,3113219383954556416,-4.89,0.17,0.1,1.6,0.5
TIC 252909848,981158276313892608,-4.91,0.18,0.1,3.9,0.5
TIC 437011608,3368214650329888512,-4.38,0.41,5.3,1.5,0.5
TIC 87752739,884951489919636352,-4.91,0.22,0.1,10.2,0.5
TIC 156890613,974887555341533440,-5.0,0.16,0.1,7.6,0.5
TIC 156892373,949933726631973760,-4.95,0.18,0.1,2.3,0.5
TIC 85095616,1086694556307708032,-5.01,0.17,1.6,4.6,0.5
TIC 114021052,5592237639209047424,-4.23,0.57,9.1,1.9,0.5
TIC 241142525,975710093118127104,-4.27,0.44,10.8,1.1,0.5
TIC 71434397,1098268840336324864,-4.64,0.26,3.2,1.7,0.5
TIC 14859653,882410278028835584,-4.52,0.3,2.0,1.5,0.5
TIC 289971775,1139252071109797760,-4.9,0.18,0.4,5.6,0.5
TIC 19193730,3064145014608187392,-4.81,0.2,0.9,7.2,0.5
TIC 23652211,917982605923642752,-4.28,0.46,12.6,1.8,0.5
TIC 283397452,5643811086797924992,-4.27,0.47,6.8,1.6,0.5
TIC 11665403,5643762781311698048,-4.44,0.41,3.5,3.2,0.5
TIC 117162940,702798559642115584,-5.04,0.15,1.7,4.0,0.5
TIC 417762326,1092545710514654464,-4.32,0.41,9.6,1.3,0.5
TIC 393124353,594641112644934272,-4.64,0.3,1.1,3.3,0.5
TIC 332635310,5731252295913584768,-5.07,0.15,0.1,7.8,0.5
TIC 85998162,686996756484129664,-5.15,0.14,2.0,2.7,0.5
TIC 251091428,1019174509319377536,-4.67,0.26,2.3,2.8,0.5
TIC 172533278,646255212109355136,-4.3,0.54,6.2,3.7,0.5
TIC 150226696,1018776176872261248,-5.32,0.12,6.8,3.1,0.5
TIC 8915802,798068905726303232,-4.74,0.24,2.8,4.1,0.5
TIC 156850483,616126841161896192,-4.85,0.18,2.1,4.7,0.5
TIC 168158191,5465685637549838976,-4.46,0.49,1.6,8.0,0.5
TIC 252487672,834571523536798848,-5.21,0.13,0.1,7.2,0.5
TIC 391844777,3750995604764854400,-4.82,0.19,1.5,3.1,0.5
TIC 167839774,3550148743432500992,-4.93,0.18,2.3,3.5,0.5
TIC 138763579,732983005681390592,-4.57,0.57,1.7,8.4,0.5
TIC 9377536,764805169996366720,-4.71,0.34,1.4,9.0,0.5
TIC 3819571,3977050728669174912,-4.96,0.19,0.1,7.4,0.5
TIC 397024052,3799626935341796096,-4.57,0.36,2.8,4.9,0.5
TIC 202364222,3975266461816068864,-4.52,0.39,3.3,5.5,0.5
TIC 289513804,3600638179941831936,-5.0,0.17,1.5,8.1,0.5
TIC 142962481,1681330368961561984,-4.36,0.37,15.0,1.4,0.5
TIC 141249539,1568731380323069696,-4.89,0.18,2.2,3.4,0.5
TIC 72814920,6133033601555979648,-5.17,0.14,2.5,5.4,0.5
TIC 359117310,4011052713441556864,-4.88,0.21,1.9,9.9,0.5
TIC 99381773,1571411233756646656,-4.61,0.44,2.1,8.5,0.5
TIC 5081539,1515243640027361024,-4.73,0.27,0.2,11.7,0.5
TIC 157871565,1568219729458240128,-4.82,0.27,1.5,8.5,0.5
TIC 389853353,1521686782461765888,-4.98,0.16,0.1,7.5,0.5
TIC 319462683,3626268998574790656,-5.15,0.14,0.1,13.1,0.5
TIC 373765355,3936909723803146368,-4.52,0.49,2.8,10.2,0.5
TIC 159190692,1565867461768654208,-4.36,0.5,5.8,3.3,0.5
TIC 171774303,1227659299972032128,-4.94,0.18,1.3,3.4,0.5
TIC 181946967,3649422995468596480,-4.47,0.34,15.2,2.1,0.5
TIC 335661520,1721626615421969408,-4.74,0.24,2.1,5.9,0.5
TIC 311180437,1237090738916392704,-4.35,0.44,4.4,6.6,0.5
TIC 311182515,1265702917689682944,-4.86,0.25,0.1,10.8,0.5
TIC 309765388,1592338513445876608,-5.15,0.14,7.4,2.8,0.5
TIC 351299924,1212955599693310848,-4.94,0.17,0.9,9.8,0.5
TIC 462587845,1212738995903148544,-4.79,0.25,1.9,7.8,0.5
TIC 357500361,1270321278844517888,-5.05,0.16,0.9,11.6,0.5
TIC 461297684,4421455530273900032,-5.28,0.13,1.3,3.9,0.5
TIC 156067565,1398218223733415552,-5.02,0.16,2.5,7.1,0.5
TIC 272595871,4422809716282811776,-4.44,0.43,3.5,4.4,0.5
TIC 334753043,1372702716380418688,-5.31,0.12,1.7,3.0,0.5
TIC 310137822,1597204161635741952,-4.65,0.31,1.0,7.0,0.5
TIC 236316949,1219254942328596736,-5.03,0.16,1.2,12.1,0.5
TIC 24108307,1379416712336909440,-4.71,0.36,1.2,10.3,0.5
TIC 219485088,1398997262081156352,-4.82,0.2,0.6,5.4,0.5
TIC 119985828,4464207428579939840,-4.97,0.17,1.6,13.8,0.5
TIC 458721081,1201133066557201920,-1.81,540.0,0.2,9.5,0.5
TIC 149732624,4466944284819435776,-4.94,0.18,0.9,4.5,0.5
TIC 72034540,4358441419374546304,-4.45,0.53,2.7,7.6,0.5
TIC 159511543,1709456705329541504,-4.44,0.32,3.2,1.1,0.5
TIC 74218395,4130605425932372992,-4.96,0.17,0.8,9.1,0.5
TIC 115582977,1408029436569383296,-4.57,0.54,2.5,6.4,0.5
TIC 257401445,4571935477627652736,-5.07,0.16,1.6,9.6,0.5
TIC 232606278,1631084478574318976,-4.98,0.17,1.8,7.3,0.5
TIC 351654581,4548462729742343296,-4.95,0.21,0.2,11.1,0.5
TIC 75673519,4122343906051101184,-5.08,0.15,4.3,3.8,0.5
TIC 270258076,1362295082910131200,-4.98,0.17,0.7,13.0,0.5
TIC 270362674,1362034429935121280,-5.33,0.19,2.1,12.6,0.5
TIC 219792161,1440964624481230464,-4.48,0.54,2.4,4.9,0.5
TIC 441804568,1651268660203160448,-5.12,0.14,9.6,2.6,0.5
TIC 441804565,1651268763282397312,-5.07,0.14,7.3,1.8,0.5
TIC 363766517,4556066746008265344,-5.09,0.15,0.1,12.5,0.5
TIC 363859338,4552227182675443584,-4.5,0.36,4.5,3.9,0.5
TIC 275063206,4576863905365412736,-4.54,0.49,3.3,7.1,0.5
TIC 399375614,4474963057485435520,-5.03,0.16,1.4,4.0,0.5
TIC 1674663309,4468557611984384512,-4.59,0.34,2.6,,0.5
TIC 399244384,4471087175915086080,-4.66,0.23,0.1,1.9,0.5
TIC 233121747,2161275788716592256,-5.12,0.14,3.8,2.7,0.5
TIC 23228849,4592816852706649984,-4.49,0.37,4.5,2.9,0.5
TIC 25933136,4478524169500496000,-4.88,0.19,0.5,9.7,0.5
TIC 228217280,4048636941542753152,-4.58,0.31,1.9,7.6,0.5
TIC 68340481,2090051761936884864,-4.82,0.24,0.1,9.3,0.5
TIC 350166984,4533301804432654976,-4.2,0.92,14.4,3.9,0.5
TIC 353953453,4507727026545686400,-5.01,0.16,1.1,7.7,0.5
TIC 284359245,2143016302194287488,-4.54,0.35,2.5,2.5,0.5
TIC 258958225,2264255532377744512,-5.09,0.15,1.9,9.6,0.5
TIC 394172596,2101486923385239808,-4.89,0.2,0.2,12.5,0.5
TIC 359322196,2019164662448947200,-5.04,0.16,1.3,7.2,0.5
TIC 112995114,6746284390882038656,-4.47,0.31,5.4,1.0,0.5
TIC 275633056,2142179058450057856,-4.9,0.18,0.3,2.5,0.5
TIC 270858200,2078403295235690112,-5.03,0.18,1.7,1.7,0.5
TIC 271047371,2078276439080325888,-4.82,0.23,1.1,7.5,0.5
TIC 271668882,2078105327586616704,-4.91,0.19,0.1,,0.5
TIC 58445695,2035035223783462400,-5.16,0.13,8.8,3.7,0.5
TIC 256364928,1827242816201846144,-4.51,0.5,3.4,6.4,0.5
TIC 345571990,4237555510387302400,-4.85,0.19,1.5,11.5,0.5
TIC 210119810,1818697205647102720,-4.73,0.22,1.6,2.3,0.5
TIC 375008312,1747786539668366848,-4.94,0.23,0.2,8.5,0.5
TIC 330872058,1814241194252808704,-4.91,0.17,0.1,3.4,0.5
TIC 29495621,6802426038708609536,-4.5,0.28,13.8,1.4,0.5
TIC 387953412,2270771375724754816,-4.97,0.17,0.5,10.8,0.5
TIC 136762118,2164004914017788032,-4.96,0.17,1.1,6.2,0.5
TIC 25559430,1846882224145757056,-4.3,0.51,6.8,4.6,0.5
TIC 269195307,2674356292747571200,-5.02,0.17,0.6,11.2,0.5
TIC 441120034,6810896745007524736,-4.59,0.26,2.3,0.9,0.5
TIC 264678534,2300641567596591488,-4.86,0.22,0.4,8.9,0.5
TIC 322378751,2224502448957645312,-4.45,0.37,5.8,1.9,0.5
TIC 384189169,1979630695388314240,-4.79,0.22,2.5,3.6,0.5
TIC 84235871,1959369685372552832,-5.05,0.15,0.1,10.5,0.5
TIC 258038021,1781003885454165888,-4.5,0.52,2.6,5.7,0.5
TIC 319482278,2695552540468718592,-4.89,0.19,1.6,3.8,0.5
TIC 420823083,1781461179211748352,-4.8,0.23,1.3,6.7,0.5
TIC 326113102,2005238836596868224,-4.95,0.18,1.7,5.8,0.5
TIC 357336603,1891598193816300544,-5.16,0.14,0.1,1.4,0.5
TIC 100408043,1905796874660633344,-5.1,0.16,1.0,7.6,0.5
TIC 10682576,1887939152260517504,-4.59,0.28,3.7,1.6,0.5
TIC 338930194,2211393521580984320,-4.88,0.19,0.1,6.7,0.5
TIC 66549778,1988833504619793536,-4.8,0.23,1.5,3.8,0.5
TIC 264899051,2299942278201276288,-4.93,0.2,0.2,11.1,0.5
TIC 129283354,1927832221552344576,-4.91,0.2,1.0,11.3,0.5
TIC 24467943,1995681125599758592,-5.01,0.15,4.7,2.8,0.5
TIC 422617879,2647148976301673472,-4.98,0.17,1.4,9.5,0.5
TIC 366036174,2871343486014101888,-4.73,0.27,2.4,7.2,0.5
TIC 113492673,2826159850241446784,-4.99,0.31,0.1,12.6,0.5
TIC 437707246,2847644410526748416,-4.4,0.85,1.7,7.0,0.5
TIC 114806039,2341817487782612480,-5.01,0.16,1.6,6.1,0.5
