,Star,Nobs,Nnights,Tspan,snr-med,DateStart,DateEnd,Vmag,B-V,plx,SpType,Teff,Age,e_Age,SMWmed,SMWwmean,e_SMW,s_SMW,logRHKmed,logRHKwmean,e_logRHK,R5med,R5wmean,e_R5,s_R5,_RA,_DE,gaia_dr3_id
0,* b03 Hya,40,18,1989,253,b'2006-02-09T06:54:16.318',b'2011-07-22T22:49:52.173',5.232,0.481,33.072,b'F5',6545,1.647,0.553,0.1588,0.1597,0.0005,0.0065,-4.8379,-4.8327,0.0032,1.452,1.47,0.011,0.127,163.37305,-20.13873,3551002857809958400
1,* q01 Eri,136,36,2644,154,b'2003-11-06T03:20:02.136',b'2012-01-05T04:01:40.291',5.525,0.553,57.656,b'F7',6218,0.185,0.1,0.1951,0.1948,0.0006,0.0043,-4.7419,-4.7431,0.0024,1.812,1.807,0.01,0.074,25.62215,-53.74083,4912580642524184576
2,CD-23 10465,7,4,2596,40,b'2005-04-24T04:33:27.629',b'2012-06-02T00:30:39.776',10.134,1.153,28.414,b'K5',4504,4.889,4.686,1.0802,1.072,0.008,0.0514,-4.4904,-4.4937,0.0032,3.233,3.208,0.024,0.155,184.38355,-24.0186,3489077813176242176
3,CD-23 15543,7,3,2586,38,b'2005-05-26T08:27:08.633',b'2013-08-02T06:18:55.642',10.103,1.008,20.193,b'K3',4904,4.212,4.32,0.6735,0.6553,0.0055,0.0261,-4.4816,-4.494,0.0037,3.299,3.206,0.028,0.133,293.54094,-23.01657,6771373081565902848
4,CD-24 10619,40,18,4646,36,b'2005-06-22T01:36:56.815',b'2018-03-12T06:18:33.756',10.016,1.224,32.152,b'K4',4574,4.595,4.745,1.1405,1.1634,0.0093,0.1299,-4.5852,-4.5766,0.0036,2.599,2.651,0.021,0.297,194.12532,-24.92548,3497587994520032256
5,CD-30 18090,6,2,6,36,b'2006-07-01T08:25:13.788',b'2013-07-08T07:55:04.690',10.063,1.096,24.802,b'K4',4699,4.648,4.612,0.7474,0.7485,0.0063,0.0378,-4.5627,-4.562,0.0037,2.737,2.741,0.023,0.14,310.12734,-30.05201,6795121467571942400
6,CD-35 15313,10,1,1,34,b'2009-09-16T04:55:00.954',b'2013-12-06T00:44:11.626',10.54,1.206,23.553,b'K4',4714,4.361,4.517,1.1994,1.1994,0.0093,0.0,-4.5328,-4.5328,0.0034,2.933,2.933,0.023,0.0,336.40228,-34.90958,6598814657249555456
7,CD-35 15842,18,1,1,43,b'2006-08-27T05:49:21.940',b'2017-11-14T04:37:02.325',10.172,1.193,26.024,b'K4',4548,4.696,4.64,0.6536,0.6536,0.0055,0.0,-4.7753,-4.7753,0.0037,1.678,1.678,0.014,0.0,353.71866,-34.66979,2324146441842328064
8,CD-37 15212,4,1,1,33,b'2006-08-29T05:31:16.879',b'2012-07-06T09:38:25.719',10.16,0.997,20.429,b'  ',0,0.0,0.0,0.3762,0.3762,0.042,0.0,0.0,0.0,0.0,0.0,0.0,0.0,0.0,350.45371,-36.90143,6550871655311299584
9,CD-45 14066,10,3,2562,38,b'2006-07-01T08:36:09.174',b'2013-07-08T08:12:16.731',9.724,1.008,25.745,b'K3',4748,5.528,4.805,0.5878,0.6074,0.048,0.0219,-4.5435,-4.5288,0.037,2.861,2.96,0.243,0.111,312.9132,-45.45598,6484349591220997120
10,G 270-111,4,2,328,45,b'2004-11-03T03:37:43.004',b'2011-09-14T07:17:46.758',10.054,1.045,24.643,b'K4',4667,4.837,4.667,0.7762,0.7648,0.0065,0.0267,-4.4706,-4.4773,0.0037,3.383,3.332,0.029,0.119,15.0939,-13.59942,2372235648763459072
11,HD 100508,32,31,2273,146,b'2004-01-11T08:20:23.817',b'2010-04-13T02:23:30.047',7.736,0.827,30.501,b'G8',5449,3.716,3.104,0.1614,0.1622,0.0008,0.0061,-5.0681,-5.0646,0.0036,0.855,0.862,0.007,0.055,173.30454,-67.05458,5236623864770650112
12,HD 100777,37,17,890,51,b'2004-02-28T05:32:19.403',b'2007-07-13T00:12:17.596',8.348,0.734,20.16,b'G7',5536,7.757,1.713,0.1549,0.1567,0.0013,0.0047,-5.0869,-5.0757,0.0083,0.819,0.84,0.016,0.054,173.96468,-4.75569,3786035184916139008
13,HD 101581,6,5,1155,139,b'2004-01-11T08:39:57.411',b'2007-03-12T06:25:44.943',7.775,1.066,78.23,b'K4',4615,5.647,4.9,0.4878,0.4903,0.0014,0.0128,-4.7075,-4.7052,0.0013,1.961,1.972,0.006,0.053,175.26028,-44.40519,5378886891123024896
14,HD 101650,23,9,1137,39,b'2005-02-05T08:23:37.100',b'2011-05-10T01:24:57.966',10.572,1.088,23.731,b'K4',4626,4.695,4.713,0.5735,0.5689,0.0052,0.0171,-4.6672,-4.6708,0.004,2.152,2.134,0.02,0.065,175.41762,-23.19911,3540033580054936064
15,HD 101930,74,70,4528,104,b'2004-02-03T06:42:27.732',b'2016-06-26T23:41:47.983',8.207,0.907,33.274,b'K1',5164,5.25,4.543,0.1889,0.1868,0.0011,0.0128,-4.9983,-5.0048,0.0033,1.004,0.989,0.008,0.091,175.87547,-58.00688,5341787994441793536
16,HD 102117,85,69,4509,154,b'2004-01-13T08:30:07.015',b'2016-05-18T03:48:30.670',7.465,0.719,25.237,b'G5',5657,7.032,1.429,0.1484,0.1491,0.0007,0.0023,-5.1262,-5.1215,0.005,0.748,0.756,0.009,0.028,176.21025,-58.70371,5341673851394297856
17,HD 102195,24,21,1444,137,b'2005-05-11T01:34:51.427',b'2009-04-24T04:16:44.214',8.081,0.839,34.056,b'G9',5311,1.372,1.43,0.4049,0.4065,0.0018,0.0133,-4.5277,-4.5256,0.0023,2.967,2.981,0.015,0.115,176.42622,2.82148,3799626935341795840
18,HD 102365,473,105,4934,236,b'2003-11-06T08:58:12.452',b'2017-05-10T02:40:48.439',4.899,0.667,107.621,b'G5',5629,12.237,3.262,0.1735,0.1735,0.0006,0.0017,-4.949,-4.9489,0.003,1.125,1.125,0.008,0.024,176.62947,-40.50036,5381537023379295232
19,HD 102438,115,66,5228,202,b'2004-02-03T07:53:14.394',b'2018-05-28T03:44:39.049',6.433,0.664,56.368,b'G7',5560,10.268,12.505,0.173,0.1729,0.0006,0.0017,-4.9491,-4.9497,0.0033,1.124,1.123,0.008,0.023,176.81587,-30.28651,3480332916165100032
20,HD 103949,4,4,1077,99,b'2004-02-02T07:28:40.511',b'2007-01-14T08:04:51.936',8.703,0.986,37.708,b'  ',0,0.0,0.0,0.3443,0.3406,0.0016,0.0178,0.0,0.0,0.0,0.0,0.0,0.0,0.0,179.54877,-23.92389,3492633633781166592
21,HD 104006,51,39,4174,87,b'2004-02-13T06:57:30.874',b'2015-07-19T00:29:52.483',8.906,0.779,30.535,b'K2',5046,0.029,0.002,0.1811,0.1811,0.0011,0.0036,-4.9682,-4.9683,0.0044,1.076,1.076,0.011,0.037,179.61672,-41.92201,5380306876026603520
22,HD 104067,89,86,2271,133,b'2004-02-02T07:45:38.804',b'2010-04-22T03:40:31.548',7.939,0.981,49.079,b'K2',4969,4.271,4.537,0.3606,0.3591,0.0013,0.0182,-4.735,-4.737,0.0017,1.841,1.832,0.007,0.101,179.7917,-20.35378,3494677900774837760
23,HD 104263,30,29,2245,131,b'2004-02-02T08:14:23.515',b'2010-03-27T04:51:14.951',8.186,0.737,23.78,b'G8',5477,11.941,2.309,0.1612,0.1604,0.0008,0.0028,-5.0507,-5.0548,0.0044,0.89,0.881,0.009,0.033,180.1144,-4.54881,3600638179941832192
24,HD 104731,79,19,595,273,b'2006-02-11T07:50:21.625',b'2011-07-23T00:07:09.564',5.15,0.417,40.441,b'F1',6937,0.64,0.567,0.1834,0.1834,0.0005,0.002,-4.6441,-4.6443,0.0022,2.269,2.268,0.012,0.043,180.91488,-42.43406,6148648281576024064
25,HD 104982,40,39,2271,144,b'2004-02-02T08:00:40.635',b'2010-04-22T03:57:39.927',7.777,0.65,27.557,b'G4',5692,9.387,1.571,0.171,0.171,0.0007,0.001,-4.9498,-4.9498,0.0038,1.122,1.122,0.01,0.014,181.30587,-28.71723,3485971555389835776
26,HD 105671,2,2,13,86,b'2004-02-03T07:27:10.705',b'2004-02-16T07:43:59.144',8.462,1.138,50.612,b'K3',4748,4.486,4.282,0.8554,0.8565,0.0031,0.0149,-4.5684,-4.5679,0.0016,2.701,2.705,0.01,0.047,182.47909,-46.20839,6143175840408947712
27,HD 105837,24,24,3049,163,b'2004-02-03T07:11:06.863',b'2012-06-09T01:00:35.841',7.516,0.569,27.908,b'G0',5907,11.516,2.175,0.1878,0.1878,0.0007,0.0039,-4.7901,-4.7899,0.003,1.621,1.622,0.011,0.065,182.74139,-46.32198,6143165291967834112
28,HD 106116,141,134,4888,163,b'2004-02-02T08:31:17.227',b'2017-06-21T00:08:31.818',7.36,0.676,28.985,b'G4',5680,7.108,1.571,0.1604,0.1601,0.0007,0.003,-5.0295,-5.0317,0.0041,0.934,0.93,0.009,0.04,183.12018,-3.08447,3598278250031419392
29,HD 106275,24,23,3010,91,b'2004-02-11T05:41:50.041',b'2012-05-09T04:06:25.377',8.625,0.89,31.198,b'K2',5059,7.259,4.758,0.2163,0.2245,0.0013,0.0329,-4.9099,-4.889,0.0033,1.231,1.291,0.009,0.245,183.46606,-69.06045,5856250378426143744
30,HD 106515A,2,2,2,121,b'2005-02-01T08:39:33.653',b'2005-02-03T07:09:32.039',7.959,0.816,29.304,b'G9',5380,11.451,2.718,0.1574,0.1578,0.0008,0.0019,-5.0854,-5.0832,0.0039,0.822,0.826,0.007,0.017,183.77736,-7.25732,3584074376569428992
31,HD 107148,55,19,4839,91,b'2005-02-09T05:46:05.121',b'2018-05-10T23:13:12.334',7.986,0.699,20.208,b'G2',5805,2.705,1.339,0.1602,0.1608,0.0008,0.0049,-5.0421,-5.0386,0.0048,0.908,0.915,0.01,0.062,184.80621,-3.31979,3693358861640279040
32,HD 108147,49,27,5194,151,b'2004-01-27T09:08:28.846',b'2018-04-17T05:59:21.131',6.982,0.534,25.665,b'F7',6260,0.338,0.254,0.1843,0.1838,0.0007,0.0027,-4.7688,-4.7711,0.003,1.703,1.694,0.012,0.048,186.44278,-64.02209,6053512007260864512
33,HD 108202,34,14,4645,36,b'2005-05-21T02:49:34.681',b'2018-04-10T03:53:03.125',10.262,1.203,25.821,b'K4',4546,4.668,4.666,1.2653,1.251,0.0097,0.0509,-4.5034,-4.5083,0.0034,3.138,3.102,0.024,0.127,186.46265,-1.11059,3694842171545207296
34,HD 108309,49,27,3333,216,b'2004-02-03T07:44:28.397',b'2013-03-20T05:36:53.018',6.249,0.674,37.256,b'G2',5775,7.648,2.169,0.1609,0.1606,0.0006,0.0023,-5.0252,-5.0267,0.0036,0.944,0.94,0.008,0.031,186.70059,-48.91319,6128366415218881536
35,HD 108341,52,15,5159,54,b'2004-02-12T07:17:54.751',b'2018-04-07T05:15:24.186',9.362,0.913,20.417,b'K1',5122,5.556,4.755,0.2132,0.2085,0.002,0.0145,-4.9344,-4.9469,0.0053,1.163,1.13,0.014,0.1,186.8808,-71.42298,5842782219960410112
36,HD 108564,33,18,3351,65,b'2004-02-17T06:36:51.194',b'2013-05-02T03:46:32.385',9.454,0.965,36.677,b'K4',4675,6.162,6.246,0.2728,0.2719,0.002,0.0221,-4.8524,-4.8541,0.0035,1.405,1.399,0.011,0.13,187.07967,-16.91105,3520548825260557312
37,HD 108935,9,3,5,52,b'2004-02-12T07:29:56.060',b'2011-04-13T06:38:12.172',9.785,1.128,25.646,b'K4',4724,4.865,4.767,0.3437,0.3409,0.0031,0.0038,-4.9549,-4.9585,0.004,1.109,1.1,0.01,0.012,187.82381,-43.38447,6145388225302128640
38,HD 109200,860,453,5195,134,b'2004-02-11T06:27:45.826',b'2018-05-03T01:53:30.766',7.138,0.839,61.719,b'K2',5056,0.031,0.003,0.1909,0.1915,0.0008,0.008,-4.9561,-4.9542,0.0027,1.106,1.111,0.007,0.07,188.38076,-68.75581,5856411869205581824
39,HD 109409,61,28,3333,228,b'2004-02-03T08:19:36.013',b'2013-03-20T05:20:02.476',5.758,0.682,35.095,b'G1',5886,3.719,1.019,0.1416,0.1416,0.0006,0.0015,-5.2119,-5.2117,0.005,0.614,0.614,0.007,0.019,188.67664,-44.67302,6133033601555980288
40,HD 109423,2,1,1,79,b'2004-02-11T06:46:28.810',b'2004-02-26T08:02:43.754',8.816,0.897,29.358,b'K2',5074,4.806,4.247,0.4614,0.4614,0.002,0.0,-4.5216,-4.5216,0.0021,3.009,3.009,0.015,0.0,188.70296,-41.2346,6146890643519305728
41,HD 109988,27,12,5055,46,b'2004-02-19T07:44:08.446',b'2017-12-25T08:27:37.865',8.89,0.89,23.485,b'K2',5100,10.047,4.25,0.2241,0.2236,0.002,0.0182,-4.8893,-4.8905,0.005,1.29,1.287,0.015,0.136,189.81569,-32.72608,6160221740968692736
42,HD 110619,26,26,3049,154,b'2004-02-03T08:02:53.461',b'2012-06-09T01:20:19.537',7.528,0.663,36.013,b'G6',5613,12.24,1.96,0.1897,0.1924,0.0007,0.0082,-4.8679,-4.856,0.0032,1.355,1.393,0.01,0.113,190.92802,-37.70814,6153706477443519488
43,HD 111031,40,29,3337,173,b'2004-02-02T09:33:52.693',b'2013-03-23T05:34:31.402',6.878,0.698,32.017,b'G2',5801,4.34,0.992,0.1535,0.1535,0.0006,0.0012,-5.085,-5.0846,0.004,0.822,0.823,0.008,0.015,191.62851,-11.81244,3529518709839090176
44,HD 111232,58,56,4489,129,b'2004-02-12T07:43:20.020',b'2016-05-28T04:25:09.662',7.588,0.7,34.505,b'G8',5460,0.023,0.001,0.1706,0.1708,0.0008,0.0018,-4.9838,-4.9832,0.0041,1.038,1.039,0.01,0.022,192.21564,-68.42515,5855730584310531072
45,HD 111515,95,62,4448,107,b'2004-02-27T07:06:33.134',b'2017-07-04T00:51:53.379',8.138,0.689,30.84,b'G9',5398,0.024,0.001,0.1747,0.1754,0.0008,0.0027,-4.9566,-4.9528,0.0043,1.105,1.115,0.011,0.035,192.43679,1.18804,3702148666829533696
46,HD 111777,193,106,4808,79,b'2004-02-01T08:59:45.010',b'2017-04-01T04:12:33.883',8.47,0.613,20.204,b'G5',5666,0.017,0.0,0.1721,0.1722,0.0009,0.0023,-4.9119,-4.9115,0.0048,1.225,1.226,0.014,0.036,193.04852,-56.57444,6061388186966895616
47,HD 112164,10,1,1,145,b'2004-01-21T08:19:52.319',b'2004-01-21T08:42:48.556',5.886,0.631,25.989,b'F9',6060,2.443,0.606,0.135,0.135,0.0005,0.0,-5.2695,-5.2695,0.006,0.538,0.538,0.007,0.0,193.74392,-44.15192,6135536364897329152
48,HD 112540,8,8,2295,80,b'2004-02-11T07:08:55.667',b'2010-05-25T04:36:12.192',8.176,0.712,27.535,b'G7',5523,7.367,2.147,0.2307,0.2298,0.0014,0.0199,-4.7543,-4.7569,0.0042,1.761,1.75,0.017,0.244,197.08594,-87.21931,5766054141036403712
49,HD 113569,15,8,2947,46,b'2006-02-18T08:49:42.432',b'2018-04-10T04:10:14.370',9.712,0.947,21.122,b'K3',4918,7.926,5.242,0.2693,0.2667,0.0024,0.0122,-4.8407,-4.8456,0.0045,1.443,1.427,0.015,0.076,196.23231,-28.92877,6185990754470465536
50,HD 114076,137,56,2916,62,b'2004-02-29T08:19:28.971',b'2015-04-05T07:16:32.441',9.383,0.809,21.826,b'K2',5066,0.03,0.001,0.1773,0.1782,0.0014,0.0072,-4.9949,-4.9911,0.0058,1.012,1.021,0.014,0.069,197.14136,-41.64415,6137663438860059648
51,HD 114386,17,17,2306,91,b'2004-01-29T08:02:15.145',b'2010-05-23T02:22:42.498',8.727,0.981,34.61,b'K3',4774,7.205,5.848,0.2399,0.2527,0.0015,0.037,-4.9322,-4.9066,0.0031,1.169,1.24,0.008,0.206,197.66593,-35.05478,6166971574132849664
52,HD 114613,714,150,5233,218,b'2004-01-29T08:19:37.458',b'2018-05-28T03:59:43.988',4.853,0.694,49.274,b'G3',5729,4.893,0.113,0.1495,0.1486,0.0005,0.0064,-5.1464,-5.1529,0.0041,0.714,0.703,0.007,0.079,198.01326,-37.80302,6141742283401003008
53,HD 114729,57,40,3826,176,b'2004-02-13T08:07:26.737',b'2014-08-04T22:54:44.526',6.672,0.588,27.69,b'G1',5844,9.547,3.055,0.1533,0.1534,0.0006,0.0011,-5.0055,-5.0046,0.0044,0.988,0.99,0.01,0.017,198.18441,-31.87335,6180035765135232000
54,HD 114747,39,39,1473,129,b'2004-02-13T07:50:02.363',b'2008-02-25T07:02:17.917',8.042,0.927,35.783,b'K1',5172,4.293,3.988,0.2391,0.2523,0.0012,0.037,-4.8837,-4.8554,0.0026,1.307,1.395,0.008,0.245,198.22626,-30.71176,6182398370808620032
55,HD 114783,91,39,4415,139,b'2004-02-15T07:54:04.325',b'2016-03-18T03:49:09.908',7.603,0.946,47.448,b'K1',5133,4.54,4.144,0.208,0.2074,0.0009,0.0115,-4.9725,-4.974,0.0023,1.065,1.062,0.006,0.072,198.18244,-2.26504,3684934540986187776
56,HD 114853,145,128,4934,189,b'2004-01-29T08:24:27.022',b'2017-08-02T00:59:22.317',6.93,0.643,39.918,b'G3',5705,10.433,2.072,0.171,0.1712,0.0007,0.0025,-4.9443,-4.9435,0.0037,1.137,1.139,0.01,0.036,198.46761,-45.1858,6088054505011960832
57,HD 115341,9,7,3264,48,b'2004-02-28T08:10:36.593',b'2013-02-04T08:35:11.536',7.838,0.587,20.936,b'F9',6058,1.231,0.847,0.1675,0.1677,0.0016,0.0109,-4.9135,-4.9121,0.0094,1.22,1.224,0.026,0.177,199.16696,-5.5735,3634809077186319872
58,HD 115585,25,23,3015,144,b'2004-02-11T07:45:16.675',b'2012-05-14T01:29:10.742',7.417,0.737,22.201,b'G3',5711,5.334,1.205,0.1455,0.1462,0.0007,0.0021,-5.1493,-5.1441,0.0051,0.709,0.718,0.008,0.025,199.96078,-70.85502,5843623140212452352
59,HD 115674,39,38,2252,114,b'2004-02-11T07:59:00.195',b'2010-04-12T04:04:49.374',7.865,0.662,28.814,b'G5',5649,6.153,1.687,0.1823,0.1832,0.0008,0.003,-4.9005,-4.8964,0.0039,1.257,1.269,0.011,0.042,200.7503,-81.31011,5783508853769084928
60,HD 116284,9,3,2206,60,b'2004-02-22T09:05:58.576',b'2016-04-11T03:07:49.071',7.237,0.844,20.316,b'K1',5213,7.518,0.139,0.1308,0.1357,0.0013,0.0114,-5.2086,-5.1789,0.008,0.619,0.662,0.011,0.101,201.16271,-70.43022,5844014257111642112
61,HD 116858,5,5,1103,95,b'2004-02-02T08:43:33.326',b'2007-02-09T09:07:07.050',8.768,0.919,33.343,b'K3',4913,7.101,4.87,0.3099,0.314,0.0014,0.0198,-4.7426,-4.736,0.0023,1.809,1.837,0.009,0.135,201.66482,-24.29337,6193280031230266368
62,HD 116883,10,4,2202,38,b'2004-02-12T09:21:13.846',b'2015-05-21T04:36:43.311',9.635,0.934,23.323,b'K3',4904,6.562,4.875,0.5105,0.5006,0.0042,0.031,-4.5159,-4.5251,0.0039,3.049,2.985,0.027,0.201,201.82536,-39.95281,6161318538178434048
63,HD 116920,9,9,2305,97,b'2004-02-02T09:10:24.326',b'2010-05-26T03:02:45.498',8.718,0.91,33.517,b'K2',5015,5.411,4.627,0.2728,0.2757,0.0014,0.0177,-4.7996,-4.7942,0.0026,1.586,1.606,0.01,0.124,201.7621,-24.29044,6193279279612173312
64,HD 116963,4,4,1430,41,b'2006-04-06T06:12:20.566',b'2010-03-06T08:12:37.001',9.937,1.094,25.899,b'K3',4735,4.546,4.721,0.8727,0.8686,0.0063,0.0111,-4.4923,-4.4943,0.0032,3.219,3.204,0.024,0.042,201.85387,-21.65532,6196088669260027904
65,HD 117105,30,29,3337,178,b'2004-02-02T09:00:51.739',b'2013-03-23T07:28:57.036',7.201,0.583,27.36,b'G1',5889,10.436,2.44,0.165,0.165,0.0006,0.001,-4.9236,-4.9238,0.0038,1.192,1.192,0.01,0.016,202.1273,-27.39185,6189254689097656320
66,HD 117207,89,78,4565,148,b'2004-02-14T07:54:22.830',b'2016-08-13T23:24:01.263',7.256,0.723,30.879,b'G5',5667,5.799,1.274,0.1543,0.1542,0.0007,0.0015,-5.0878,-5.0881,0.0045,0.817,0.816,0.009,0.018,202.33797,-35.571,6166183842771026944
67,HD 117618,75,33,5201,151,b'2004-02-13T08:33:02.206',b'2018-05-11T07:25:40.341',7.164,0.601,26.442,b'F9',5990,4.361,0.492,0.1591,0.159,0.0006,0.0013,-4.9788,-4.979,0.004,1.05,1.05,0.01,0.021,203.10648,-47.27136,6083860761505899520
68,HD 117938,4,2,2204,38,b'2004-02-22T09:25:09.070',b'2010-03-06T09:10:46.619',9.405,1.023,29.289,b'K4',4653,1.716,4.681,0.6949,0.6947,0.0056,0.0588,-4.4891,-4.4892,0.0036,3.243,3.242,0.027,0.283,203.57895,-36.52371,6164379784707816448
69,HD 118466,22,3,2562,43,b'2004-02-29T08:53:38.087',b'2018-04-08T04:59:00.325',9.32,0.954,20.895,b'K3',4938,7.579,12.342,0.2015,0.199,0.0022,0.0245,-4.9964,-5.0031,0.0057,1.008,0.993,0.013,0.149,204.45452,-35.44889,6164566117569107968
70,HD 119288,19,6,5,155,b'2009-02-02T08:19:16.643',b'2009-02-08T09:28:29.086',6.187,0.428,28.274,b'  ',0,0.0,0.0,0.1894,0.1895,0.0006,0.0014,0.0,0.0,0.0,0.0,0.0,0.0,0.0,205.55317,8.3884,3724709133602631168
71,HD 119291,36,9,1926,39,b'2006-02-21T09:25:10.959',b'2018-03-11T06:20:06.557',9.255,1.191,40.667,b'K4',4611,4.937,4.762,0.7553,0.7387,0.0064,0.0583,-4.7096,-4.7192,0.0037,1.952,1.909,0.017,0.151,205.60848,-1.68627,3661492609484469760
72,HD 119503,7,4,336,37,b'2006-04-05T06:57:50.343',b'2018-03-12T06:28:38.460',9.583,0.979,23.764,b'K3',4810,6.728,4.779,0.6065,0.5941,0.0048,0.0334,-4.4919,-4.5013,0.0036,3.222,3.153,0.027,0.187,205.92423,-9.47559,3617345293484139008
73,HD 119638,26,23,3324,215,b'2004-02-13T08:45:08.765',b'2013-03-21T07:54:45.200',6.897,0.541,29.543,b'F9',6069,5.201,1.125,0.1638,0.1639,0.0006,0.0012,-4.8831,-4.8827,0.0035,1.309,1.31,0.01,0.021,206.18584,-14.22518,3606091998132474368
74,HD 119782,19,18,2636,101,b'2004-02-16T08:12:03.705',b'2011-05-06T03:04:57.454',8.636,0.854,28.705,b'K1',5160,7.545,4.299,0.3102,0.3131,0.0015,0.0132,-4.6823,-4.6772,0.0025,2.078,2.103,0.012,0.109,206.67511,-56.8501,5872022185537043456
75,HD 119802,4,3,8,41,b'2005-05-11T02:46:51.708',b'2005-05-19T02:10:42.642',8.481,1.055,45.248,b'K3',4788,4.617,4.325,0.7033,0.7168,0.0047,0.0196,-4.5287,-4.5203,0.0029,2.96,3.018,0.02,0.084,206.31132,8.83598,3725115471868588032
76,HD 121504,64,29,5216,126,b'2004-01-29T09:03:55.651',b'2018-05-11T07:55:25.349',7.532,0.59,23.975,b'F9',6022,0.413,0.26,0.1836,0.1859,0.0007,0.0064,-4.8313,-4.8209,0.0032,1.475,1.511,0.011,0.103,209.32183,-56.04004,5872266689455300608
77,HD 122862,52,25,3328,203,b'2004-02-11T09:21:47.468',b'2013-03-23T07:02:20.418',6.015,0.579,34.106,b'F9',5982,6.807,1.783,0.1542,0.1542,0.0006,0.0008,-4.9894,-4.9891,0.004,1.025,1.025,0.009,0.014,212.11318,-74.85029,5790389872417570816
78,HD 123180,8,4,2684,40,b'2006-04-05T07:30:16.389',b'2013-08-11T00:28:04.622',10.062,1.024,24.903,b'K4',4680,5.26,4.794,0.4432,0.4324,0.0041,0.0247,-4.6932,-4.7044,0.0042,2.027,1.975,0.02,0.119,211.6011,-16.21295,6300681568277869568
79,HD 123265,41,35,4173,98,b'2004-02-14T08:12:55.504',b'2015-07-19T01:28:47.922',8.36,0.831,24.814,b'G9',5338,8.678,3.315,0.1518,0.1517,0.0009,0.0034,-5.1149,-5.1154,0.0046,0.767,0.767,0.008,0.03,211.672,-5.51834,3643688458214366208
80,HD 123651,52,27,4619,85,b'2004-05-20T05:13:12.620',b'2017-07-02T01:11:12.972',8.181,0.569,20.046,b'G0',5926,10.662,2.126,0.1791,0.1777,0.0009,0.0036,-4.8318,-4.8388,0.0046,1.473,1.449,0.015,0.061,212.52005,-46.26945,6096062866670779392
81,HD 124106,12,10,472,99,b'2004-02-14T08:30:53.238',b'2005-05-31T00:51:30.000',7.933,0.866,43.44,b'K1',5106,6.163,4.41,0.3616,0.3622,0.0015,0.0282,-4.6122,-4.6114,0.0021,2.442,2.447,0.012,0.226,212.94239,-12.61177,6303961686341505024
82,HD 124292,60,52,4921,163,b'2004-02-13T08:55:15.413',b'2017-08-04T00:30:23.969',7.033,0.727,45.794,b'G8',5443,11.911,2.876,0.1673,0.1675,0.0007,0.0018,-5.0135,-5.0128,0.0037,0.969,0.971,0.008,0.021,213.18849,-3.32008,3646061719703115776
83,HD 124364,23,23,3037,112,b'2004-02-16T08:33:48.911',b'2012-06-10T02:05:09.416',8.225,0.668,26.426,b'G6',5584,8.603,1.679,0.196,0.1988,0.0009,0.0085,-4.8448,-4.8331,0.0038,1.43,1.469,0.012,0.116,213.60344,-48.14664,6092573252981420032
84,HD 125072,92,68,4919,178,b'2004-02-16T07:37:59.609',b'2017-08-05T01:01:25.869',6.672,1.02,84.453,b'K3',4794,5.93,5.383,0.2636,0.267,0.001,0.0256,-4.9298,-4.9238,0.0018,1.175,1.192,0.005,0.124,214.77014,-59.37904,5866992641380992000
85,HD 125184,228,130,4822,202,b'2004-02-27T08:14:52.735',b'2017-08-09T00:30:49.424',6.475,0.725,30.491,b'G4',5680,6.976,2.004,0.1569,0.1567,0.0006,0.0036,-5.0938,-5.0952,0.0039,0.806,0.803,0.007,0.042,214.50303,-7.54239,3639760521643500032
86,HD 125271,10,2,732,52,b'2004-05-28T02:50:53.094',b'2018-02-11T07:21:27.632',9.659,1.008,25.386,b'K4',4672,0.034,0.004,0.3547,0.3543,0.0033,0.0117,-4.7761,-4.7766,0.0044,1.674,1.673,0.017,0.059,216.64857,-81.45331,5772625505422769152
87,HD 125276,36,16,2987,223,b'2006-03-13T05:27:48.603',b'2014-05-17T04:02:50.809',5.878,0.521,55.551,b'F9',6054,7.838,2.005,0.1745,0.1747,0.0006,0.0018,-4.8009,-4.8003,0.0029,1.582,1.584,0.01,0.033,214.75373,-25.81543,6270906415441315840
88,HD 125455,43,41,4275,143,b'2004-06-03T03:35:04.697',b'2016-02-16T08:03:38.646',7.61,0.878,48.865,b'K2',5095,10.812,4.238,0.1989,0.2038,0.0008,0.0183,-4.9506,-4.9363,0.0025,1.121,1.158,0.007,0.142,214.89526,-5.15119,3642413746280599040
89,HD 125522,5,2,652,45,b'2005-04-24T06:15:07.457',b'2015-02-07T09:07:43.729',10.103,0.976,22.82,b'K3',4839,4.731,4.567,0.3378,0.3318,0.0032,0.016,-4.7603,-4.7689,0.0046,1.737,1.702,0.018,0.09,215.03393,-11.05841,6303903171707084800
90,HD 125595,137,84,1827,56,b'2004-05-28T02:36:44.795',b'2010-02-01T08:06:09.835',9.028,1.106,35.434,b'K4',4636,5.51,4.986,0.4941,0.4981,0.0034,0.0367,-4.7611,-4.7575,0.003,1.733,1.748,0.012,0.131,215.34661,-40.39395,6104435819513399296
91,HD 125881,76,51,3355,150,b'2004-02-25T08:37:29.680',b'2013-05-03T07:59:46.478',7.253,0.593,27.532,b'F9',6036,0.645,0.55,0.1757,0.1759,0.0007,0.0026,-4.8737,-4.8726,0.0036,1.337,1.341,0.011,0.042,216.19157,-63.70657,5853300216982678528
92,HD 126053,2,2,1,176,b'2009-02-14T08:04:01.779',b'2009-02-15T09:35:45.589',6.242,0.636,57.344,b'G5',5627,11.952,8.479,0.1801,0.1802,0.0006,0.0009,-4.8911,-4.8909,0.0031,1.285,1.286,0.009,0.013,215.81369,1.24157,3654496279558010368
93,HD 126525,143,129,4814,128,b'2004-06-03T04:09:49.328',b'2017-08-08T00:23:02.839',7.844,0.68,26.531,b'G5',5638,9.836,1.471,0.1659,0.1661,0.0008,0.002,-4.9985,-4.9978,0.0045,1.003,1.005,0.01,0.026,216.88738,-51.93309,5898641087150340096
94,HD 126535,9,8,1866,69,b'2008-04-21T06:49:02.406',b'2013-06-01T03:58:57.602',8.842,0.833,22.89,b'K0',5289,2.741,2.749,0.4363,0.4383,0.0025,0.0352,-4.4839,-4.4816,0.0029,3.282,3.299,0.022,0.311,216.64459,-18.82006,6284269226929880064
95,HD 126583,5,5,8,125,b'2005-05-11T03:14:51.805',b'2005-05-19T02:32:17.281',7.982,0.722,28.828,b'G8',5455,8.93,1.761,0.1811,0.1813,0.0008,0.0012,-4.9436,-4.9427,0.0035,1.139,1.141,0.009,0.015,216.49273,13.43326,1227659299972032000
96,HD 126829,15,7,1784,40,b'2005-04-24T06:35:42.739',b'2010-03-13T07:59:54.179',9.798,1.124,28.42,b'K4',4726,4.537,4.498,0.9068,0.9129,0.0071,0.0332,-4.5217,-4.5187,0.0034,3.008,3.029,0.024,0.111,217.05095,-16.1101,6298443615439036416
97,HD 127124,28,17,2107,41,b'2004-05-28T03:36:49.682',b'2016-04-21T08:12:50.842',9.532,0.923,21.213,b'K2',5030,5.361,4.609,0.3845,0.3774,0.0034,0.0166,-4.6394,-4.6485,0.0043,2.294,2.246,0.023,0.111,217.81708,-51.38244,5898774712172084224
98,HD 128020,34,14,1957,211,b'2006-03-12T07:35:47.170',b'2011-07-21T02:31:28.095',6.028,0.504,35.912,b'F7',6230,3.861,0.532,0.1582,0.1584,0.0006,0.001,-4.872,-4.8707,0.0034,1.343,1.347,0.01,0.019,219.44274,-67.93201,5848156426657892352
99,HD 128113,4,2,1461,39,b'2005-04-24T06:29:01.929',b'2010-04-08T06:13:01.266',9.55,0.88,22.111,b'K3',4866,0.296,0.845,0.2336,0.2321,0.0024,0.0085,-4.859,-4.8625,0.0059,1.384,1.372,0.019,0.066,218.83775,-11.74683,6324436998032481280
100,HD 128356,30,22,2195,92,b'2007-05-28T02:14:35.810',b'2013-09-26T23:23:40.788',8.295,0.687,38.205,b'K3',4932,4.914,4.705,0.2511,0.2591,0.0015,0.0231,-4.6765,-4.6553,0.004,2.106,2.211,0.019,0.302,219.27037,-25.80257,6223838830917235712
101,HD 128674,22,21,3028,191,b'2004-02-25T08:49:43.019',b'2012-06-10T02:22:16.872',7.389,0.672,38.923,b'G7',5551,11.696,9.004,0.1802,0.1799,0.0006,0.0018,-4.9181,-4.9195,0.0031,1.207,1.204,0.009,0.024,220.11776,-57.02956,5891531404470141952
102,HD 129642,140,124,4914,104,b'2004-02-25T09:02:12.559',b'2017-08-09T00:51:42.454',8.399,0.936,36.494,b'K3',4919,7.393,5.167,0.1789,0.1922,0.0012,0.0209,-5.0473,-5.0077,0.0037,0.897,0.983,0.008,0.135,221.29058,-49.91628,5904539176758763520
103,HD 130260,1,1,1,40,b'2005-02-08T09:17:38.102',b'2005-02-08T09:17:38.102',10.012,1.084,21.592,b'K3',4853,4.399,4.462,2.0391,2.0391,0.0099,0.0,-4.1043,-4.1043,0.0021,7.864,7.864,0.039,0.0,222.04027,-36.78394,6201900168033571840
104,HD 130322,40,17,5179,96,b'2004-02-11T08:33:20.311',b'2018-04-17T06:28:35.140',8.038,0.78,31.342,b'G9',5365,7.43,3.066,0.2416,0.2434,0.001,0.0148,-4.7708,-4.7659,0.0027,1.695,1.714,0.01,0.152,221.88636,-0.28147,3650718804281799168
105,HD 130930,21,20,2881,95,b'2004-07-19T23:59:12.091',b'2012-06-09T02:22:40.793',8.698,0.912,30.11,b'K2',5027,6.295,4.736,0.1844,0.1865,0.0011,0.0152,-5.0153,-5.009,0.0036,0.965,0.98,0.008,0.105,223.0739,-43.81819,6100277947576329216
106,HD 130992,38,36,3712,123,b'2005-05-02T06:22:37.959',b'2015-07-01T03:12:45.088',7.878,1.06,59.668,b'K3',4898,3.635,3.992,0.348,0.3476,0.0013,0.0202,-4.852,-4.8524,0.0017,1.406,1.405,0.006,0.085,222.9186,-24.30413,6229442835525860352
107,HD 131565,5,2,2859,70,b'2004-02-25T09:24:55.376',b'2012-06-10T02:53:04.204',8.62,0.647,21.308,b'G6',5612,4.925,1.818,0.2132,0.2141,0.0014,0.0024,-4.7615,-4.7583,0.005,1.732,1.744,0.02,0.035,224.53962,-68.59076,5800160441999825920
#108,HD 131976,348,10,1859,42,b'2008-04-13T07:30:55.731',b'2013-05-16T09:14:14.521',8.037,1.528,168.77,b'  ',0,0.0,0.0,1.5222,1.4934,0.0047,0.1508,0.0,0.0,0.0,0.0,0.0,0.0,0.0,224.36056,-21.41155,
109,HD 131977,62,26,3002,148,b'2004-02-04T08:49:12.779',b'2012-04-24T08:08:35.843',5.743,1.032,170.011,b'K4',4635,4.844,4.538,0.4879,0.4864,0.0015,0.0261,-4.6607,-4.6621,0.0014,2.184,2.177,0.007,0.122,224.36667,-21.41548,6232511606838404096
110,HD 132307,6,5,7,103,b'2005-05-11T03:56:23.475',b'2005-05-19T02:49:27.423',8.129,0.773,28.86,b'G9',5407,4.04,3.156,0.1976,0.1975,0.0009,0.0022,-4.9017,-4.902,0.0031,1.254,1.253,0.009,0.023,224.54532,6.90496,1160956465000504320
111,HD 132411,5,1,1,50,b'2005-06-23T02:57:07.920',b'2010-03-13T08:32:38.304',10.102,1.081,24.853,b'K4',4574,5.967,5.209,0.5171,0.5171,0.0036,0.0,-4.703,-4.703,0.0031,1.982,1.982,0.014,0.0,224.90935,-19.64059,6232978005927127040
112,HD 132569,47,27,2255,45,b'2004-05-21T05:59:53.427',b'2011-08-31T23:08:08.099',9.827,0.885,20.712,b'K2',4967,6.352,4.765,0.3547,0.3522,0.003,0.0288,-4.6408,-4.6443,0.0043,2.287,2.268,0.022,0.218,225.08317,-16.54121,6306757022857029632
113,HD 132648,26,23,3002,142,b'2004-02-20T08:53:53.439',b'2012-05-10T07:12:09.572',7.739,0.721,38.038,b'G8',5418,12.262,2.885,0.1976,0.2039,0.0008,0.0124,-4.8732,-4.8493,0.0033,1.339,1.415,0.01,0.149,225.47194,-47.00747,5906633952564271104
114,HD 134060,339,160,4822,189,b'2004-02-25T09:18:48.841',b'2017-05-09T06:45:35.758',6.291,0.623,41.616,b'G0',5966,2.407,0.512,0.1594,0.1593,0.0006,0.0019,-4.9978,-4.9983,0.0038,1.005,1.004,0.009,0.029,227.68643,-61.42232,5876112300125320192
115,HD 134088,128,85,4033,93,b'2004-05-26T04:51:53.591',b'2015-06-11T05:28:02.663',7.809,0.53,25.482,b'G4',5675,0.014,0.0,0.1746,0.1749,0.0008,0.0023,-4.8108,-4.8092,0.0041,1.546,1.552,0.015,0.041,227.05236,-7.9132,6320657976568116224
116,HD 134353,5,3,3,87,b'2005-05-11T03:35:07.817',b'2005-05-19T03:26:23.734',8.267,0.847,29.4,b'G9',5311,2.918,2.779,0.2841,0.287,0.0016,0.0063,-4.7244,-4.7188,0.003,1.886,1.911,0.013,0.054,227.21655,19.03863,1212738995903148288
117,HD 134440,51,32,3060,54,b'2004-05-26T05:05:23.329',b'2013-09-08T23:36:31.265',9.441,0.85,33.796,b'K2',4982,4.964,4.486,0.1926,0.1982,0.0017,0.0149,-4.9561,-4.9378,0.0055,1.106,1.154,0.014,0.125,227.55403,-16.46292,6307365499463905280
118,HD 134606,290,214,4593,167,b'2004-07-20T00:16:37.506',b'2017-05-10T05:08:11.351',6.859,0.74,37.297,b'G5',5633,6.104,1.397,0.1519,0.1517,0.0007,0.0015,-5.1063,-5.1077,0.0042,0.783,0.78,0.008,0.017,228.81268,-70.51962,5798962867668048896
119,HD 134664,33,28,1066,145,b'2005-07-28T23:34:30.418',b'2008-06-29T00:25:22.233',7.653,0.624,24.485,b'G1',5865,2.907,0.966,0.1894,0.1866,0.0007,0.006,-4.8363,-4.8492,0.0033,1.458,1.415,0.011,0.091,228.04314,-30.88629,6210926819198796800
120,HD 134702,13,9,3358,53,b'2005-05-16T04:50:28.955',b'2018-04-07T05:40:23.287',8.33,0.641,20.083,b'G2',5782,4.17,1.374,0.2033,0.2043,0.0018,0.0088,-4.7935,-4.7896,0.0072,1.609,1.623,0.027,0.128,228.12641,-35.91894,6200121677915638784
121,HD 134929,10,4,2555,50,b'2004-05-21T05:18:48.081',b'2018-04-07T05:43:38.118',8.684,0.831,23.225,b'G9',5330,7.051,3.525,0.1674,0.1681,0.0017,0.0164,-5.0427,-5.0397,0.0071,0.906,0.913,0.015,0.146,228.49565,-41.45834,6004256909931770880
122,HD 134985,23,20,2867,68,b'2004-02-27T08:50:04.732',b'2012-06-14T04:02:15.857',9.281,0.772,22.76,b'K2',5096,0.027,0.002,0.173,0.1724,0.0013,0.0039,-5.0015,-5.0041,0.0058,0.996,0.991,0.013,0.041,228.19844,-1.1661,4418257149730694144
123,HD 136713,72,70,4152,115,b'2005-05-02T06:47:18.854',b'2016-09-12T23:12:31.013',7.973,0.971,45.206,b'K2',4994,4.303,4.36,0.3331,0.3242,0.0014,0.0262,-4.7617,-4.7748,0.002,1.731,1.68,0.008,0.15,230.6529,-10.66113,6316161317608434688
124,HD 136894,39,34,2044,178,b'2004-07-18T02:00:49.163',b'2010-02-21T08:36:14.097',7.53,0.725,37.149,b'G9',5412,11.712,2.676,0.1676,0.1677,0.0006,0.0009,-5.0114,-5.0108,0.0034,0.974,0.976,0.008,0.011,231.01012,-27.30522,6213644846302305280
125,HD 137010,8,2,39,48,b'2006-04-09T08:05:44.096',b'2010-04-21T06:37:50.191',10.041,1.018,22.298,b'K3',4797,4.892,4.676,0.3153,0.3154,0.0027,0.0062,-4.8424,-4.8422,0.004,1.437,1.438,0.013,0.03,231.08855,-19.73935,6254679341809369088
126,HD 137303,16,16,2044,84,b'2004-07-18T02:17:04.364',b'2010-02-21T08:53:05.295',8.814,1.043,45.128,b'K3',4756,3.931,4.247,0.4306,0.4233,0.0021,0.0343,-4.7318,-4.7395,0.0022,1.855,1.822,0.009,0.154,231.49376,-26.70578,6213789290343029760
127,HD 137388,95,87,4037,72,b'2005-07-26T00:46:39.694',b'2016-08-14T02:10:55.424',8.691,0.884,24.672,b'K0',5240,5.0,4.355,0.2254,0.2204,0.0016,0.0206,-4.8822,-4.8949,0.004,1.312,1.274,0.012,0.157,233.91634,-80.20459,5778418870846853120
128,HD 138549,23,22,2942,131,b'2004-05-26T04:04:05.392',b'2012-06-15T03:12:01.812',7.951,0.714,27.646,b'G6',5582,5.006,1.485,0.2018,0.2016,0.0009,0.014,-4.8529,-4.8535,0.0032,1.403,1.401,0.01,0.171,233.47316,-31.01905,6208649077782079488
129,HD 138763,48,3,39,220,b'2004-05-31T04:30:57.572',b'2011-07-22T00:52:52.303',6.266,0.486,39.229,b'F8',6099,1.63,1.061,0.3643,0.3628,0.0006,0.0103,-4.2644,-4.2668,0.0009,5.44,5.41,0.012,0.201,233.5867,-5.69509,4400452830957831168
130,HD 138914,8,1,1,40,b'2004-02-14T08:52:06.714',b'2009-06-03T06:26:48.084',9.473,0.886,22.435,b'K2',4968,7.657,4.884,0.422,0.422,0.004,0.0,-4.5542,-4.5542,0.0048,2.791,2.791,0.031,0.0,235.07952,-71.56796,5794951810577912832
131,HD 139189,24,14,2982,41,b'2005-05-16T06:24:40.109',b'2016-04-21T08:30:50.800',9.469,0.918,20.971,b'K2',4983,8.763,4.842,0.3942,0.3917,0.0036,0.0268,-4.6215,-4.6246,0.0044,2.391,2.374,0.024,0.183,234.97469,-61.18335,5827566456543001600
132,HD 139211,1520,26,1920,198,b'2006-03-12T06:28:20.033',b'2011-06-14T01:43:40.851',5.946,0.504,32.688,b'F6',6417,1.621,0.83,0.1529,0.1531,0.0005,0.0014,-4.9043,-4.9031,0.0035,1.247,1.25,0.01,0.026,234.9856,-59.90834,5833702727880303616
133,HD 139332,16,1,1,50,b'2005-05-16T06:16:00.347',b'2017-05-10T05:25:41.279',9.734,0.974,21.306,b'K3',4899,5.41,4.624,0.2396,0.2396,0.0026,0.0,-4.9255,-4.9255,0.0054,1.187,1.187,0.015,0.0,234.78211,-42.63731,6001693570382012416
134,HD 139461,4,2,556,197,b'2006-09-12T00:11:03.853',b'2008-03-21T06:02:11.232',6.448,0.504,28.297,b'F7',6274,3.091,0.628,0.1682,0.1687,0.0006,0.0048,-4.8146,-4.8117,0.003,1.532,1.543,0.011,0.091,234.66692,-8.79145,6317407201723596800
135,HD 140901,52,27,1293,169,b'2004-02-15T09:25:33.964',b'2007-08-30T23:53:34.719',6.016,0.717,65.533,b'G6',5610,2.82,1.399,0.2438,0.2468,0.0008,0.012,-4.7201,-4.7117,0.0021,1.905,1.942,0.009,0.145,236.87125,-37.91631,6009538585839374336
136,HD 141937,7,5,1824,167,b'2005-05-26T05:30:46.661',b'2010-05-24T04:26:58.017',7.254,0.629,29.945,b'G1',5893,0.799,0.674,0.1836,0.185,0.0006,0.0031,-4.8683,-4.8617,0.003,1.354,1.375,0.009,0.046,238.07312,-18.43605,6248534171318084608
137,HD 142022,8,8,2095,77,b'2004-08-15T00:00:25.882',b'2010-05-11T05:16:18.654',7.677,0.782,29.142,b'G8',5508,7.97,2.106,0.1526,0.1532,0.0011,0.0023,-5.1073,-5.1039,0.006,0.781,0.787,0.011,0.024,242.56261,-84.23161,5768159705804908544
138,HD 142072,9,9,525,78,b'2005-04-02T05:51:35.196',b'2006-09-09T01:44:24.863',7.869,0.677,24.586,b'G1',5899,0.11,0.002,0.3481,0.3445,0.0015,0.0143,-4.463,-4.4691,0.0026,3.444,3.395,0.021,0.191,238.14062,-1.90633,4403292246725472256
139,HD 142709,52,48,4298,98,b'2004-07-20T01:03:35.911',b'2016-04-26T06:59:37.004',8.066,1.12,67.88,b'K4',4728,4.085,4.273,0.356,0.3489,0.0019,0.0365,-4.927,-4.936,0.0023,1.183,1.159,0.006,0.124,239.41977,-42.62423,5994771148252505088
140,HD 143114,22,19,2542,167,b'2005-06-30T03:34:40.205',b'2012-06-15T04:46:40.554',7.336,0.605,27.548,b'G2',5775,0.026,0.044,0.1683,0.1682,0.0006,0.0007,-4.9259,-4.9264,0.0037,1.186,1.185,0.01,0.012,239.90945,-29.63256,6040291273229121536
141,HD 143295,2,2,272,64,b'2004-07-31T01:46:03.805',b'2005-04-29T07:01:28.968',9.036,0.934,28.547,b'K2',4987,4.832,4.644,0.5487,0.5636,0.0032,0.0264,-4.4811,-4.4685,0.0027,3.303,3.4,0.021,0.172,239.92622,-5.07624,4398623381051080192
142,HD 143436,16,14,434,130,b'2005-05-11T04:54:40.293',b'2006-07-20T01:09:40.114',8.036,0.638,22.316,b'G2',5803,1.419,1.05,0.1801,0.1803,0.0008,0.0015,-4.8926,-4.8917,0.0039,1.281,1.283,0.011,0.022,240.07849,0.13701,4409935087954140672
143,HD 144342,2,1,1,37,b'2005-05-18T05:07:50.170',b'2011-04-13T07:46:13.132',8.967,0.794,20.265,b'G9',5403,2.61,2.252,0.3578,0.3578,0.0035,0.0,-4.5519,-4.5519,0.0053,2.806,2.806,0.034,0.0,242.10887,-58.42953,5834852267294819328
144,HD 144411,24,19,2480,54,b'2005-08-24T01:26:46.135',b'2012-06-09T05:38:12.869',9.694,0.981,25.52,b'K3',4852,5.118,4.576,0.3186,0.3179,0.0024,0.0122,-4.7945,-4.7955,0.0036,1.605,1.601,0.013,0.068,241.54728,-10.9907,4343477444082907136
145,HD 144497,3,3,30,69,b'2005-07-28T02:10:30.565',b'2005-08-27T00:11:54.031',9.165,0.952,27.908,b'K2',5022,3.559,3.876,0.4534,0.4576,0.0022,0.0069,-4.5925,-4.5882,0.0023,2.556,2.581,0.014,0.042,241.74909,-22.97723,6242432637698225152
146,HD 144585,173,24,2906,183,b'2004-05-27T06:21:55.685',b'2012-05-11T08:07:07.934',6.315,0.658,36.312,b'G0',5914,3.09,0.824,0.1492,0.1504,0.0006,0.0032,-5.096,-5.087,0.0044,0.802,0.818,0.008,0.044,241.76404,-14.0713,4341501106288171008
147,HD 144628,438,260,4767,141,b'2004-07-16T02:09:52.377',b'2017-08-03T23:53:03.714',7.119,0.859,67.41,b'K2',5022,0.034,0.001,0.2042,0.2037,0.0008,0.0091,-4.9241,-4.9259,0.0025,1.191,1.186,0.007,0.074,242.42831,-56.44515,5835498883232034816
148,HD 145417,83,55,3743,94,b'2004-05-26T07:15:21.770',b'2014-08-27T01:34:19.135',7.543,0.819,73.427,b'K2',4953,7.128,7.315,0.2017,0.206,0.001,0.01,-4.9109,-4.8971,0.0032,1.228,1.267,0.009,0.092,243.45233,-57.57051,5835113573101868032
149,HD 145598,41,38,2107,100,b'2004-07-16T02:18:11.480',b'2010-04-23T07:02:21.494',8.642,0.658,23.215,b'G8',5417,0.019,0.001,0.1792,0.1793,0.0009,0.0029,-4.9128,-4.9127,0.0044,1.222,1.223,0.013,0.04,243.54138,-50.78488,5935065983239912448
150,HD 145666,28,24,1410,130,b'2004-07-20T01:20:13.554',b'2008-05-30T07:23:38.695',7.791,0.6,23.837,b'G0',5958,0.796,0.572,0.2047,0.2049,0.0009,0.0038,-4.7504,-4.7497,0.0035,1.777,1.78,0.014,0.061,243.76733,-56.37454,5931529953919720448
151,HD 145809,34,20,2906,170,b'2004-05-27T06:35:03.823',b'2012-05-11T08:24:51.193',6.68,0.617,25.97,b'G2',5778,9.12,0.024,0.1545,0.1545,0.0006,0.0009,-5.0796,-5.0795,0.0048,0.833,0.833,0.009,0.013,243.4181,-21.39996,6243032008973308928
152,HD 147195,10,3,1467,41,b'2006-04-10T08:10:30.970',b'2016-05-06T07:02:28.993',8.718,0.712,20.041,b'G7',5557,5.932,2.021,0.1931,0.186,0.0016,0.014,-4.8862,-4.9163,0.0064,1.3,1.213,0.019,0.172,245.2843,-19.94503,6245090981933686784
153,HD 147512,30,28,1734,173,b'2005-07-24T01:31:48.409',b'2010-04-23T07:38:25.059',7.351,0.722,37.152,b'G7',5530,9.689,1.738,0.1686,0.1686,0.0006,0.0009,-5.0049,-5.0045,0.0034,0.989,0.99,0.008,0.011,245.63634,-4.24925,4356054757585316864
154,HD 148303,73,52,2926,72,b'2004-07-15T02:07:53.272',b'2013-05-04T08:01:15.993',8.695,0.978,35.614,b'K3',4829,5.963,4.983,0.424,0.4261,0.002,0.0381,-4.6554,-4.6532,0.0022,2.211,2.222,0.011,0.214,247.08865,-31.13083,6025604409224636416
155,HD 148816,29,26,2246,148,b'2004-05-26T06:28:34.931',b'2010-09-25T00:25:15.560',7.254,0.539,23.381,b'G0',5908,12.906,5.019,0.1634,0.1633,0.0007,0.0011,-4.8835,-4.8836,0.0041,1.308,1.307,0.012,0.02,247.61858,4.17822,4433711099194059776
156,HD 149933,16,15,435,137,b'2005-05-11T05:12:37.790',b'2006-07-20T01:43:32.988',8.05,0.763,24.94,b'G7',5517,5.452,2.493,0.1832,0.1793,0.0008,0.0088,-4.9534,-4.97,0.0035,1.113,1.071,0.009,0.094,249.44104,0.04017,4383355047189886464
157,HD 150177,64,42,3259,175,b'2004-05-29T05:21:48.175',b'2013-07-04T01:14:29.227',6.335,0.494,23.122,b'F7',6216,5.863,0.134,0.153,0.1529,0.0006,0.0012,-4.8912,-4.8915,0.0041,1.285,1.284,0.012,0.023,249.91304,-9.55459,4338289879498164736
158,HD 150433,122,112,4367,172,b'2005-08-24T02:01:59.411',b'2017-08-08T01:45:35.425',7.198,0.627,32.826,b'G5',5665,0.019,0.0,0.1681,0.1674,0.0007,0.0019,-4.9474,-4.9512,0.0038,1.129,1.119,0.01,0.029,250.28423,-2.85728,4354950641755248640
159,HD 150474,37,11,2917,75,b'2005-04-27T08:41:09.932',b'2018-04-08T05:25:08.112',7.151,0.777,20.747,b'G8',5425,7.884,0.135,0.1412,0.142,0.001,0.0046,-5.1804,-5.1747,0.0071,0.66,0.669,0.011,0.048,250.69437,-37.34252,6019275689036870656
160,HD 150633,16,15,435,124,b'2005-05-11T05:30:15.246',b'2006-07-20T01:26:32.825',7.942,0.687,20.231,b'G1',5840,3.567,3.04,0.1567,0.1571,0.0008,0.003,-5.0587,-5.0566,0.0049,0.873,0.878,0.01,0.04,250.45927,13.14884,4461045267503021568
161,HD 151504,21,20,2261,127,b'2006-04-06T08:12:12.648',b'2012-06-14T03:23:49.980',8.083,0.773,26.047,b'G8',5457,10.217,2.437,0.162,0.1619,0.0008,0.0015,-5.055,-5.0553,0.0041,0.881,0.88,0.008,0.016,252.13432,-19.28777,4130605425932372992
162,HD 151692,9,3,1424,41,b'2006-05-27T04:54:47.032',b'2016-05-08T08:37:43.755',9.586,1.102,30.093,b'K3',4737,4.66,4.51,0.5585,0.522,0.0048,0.0492,-4.7011,-4.731,0.0038,1.99,1.858,0.017,0.178,252.47149,-24.44694,6046895455473782784
163,HD 152391,113,36,1675,124,b'2004-02-11T08:57:43.639',b'2008-09-12T00:33:58.876',6.676,0.758,59.538,b'G8',5465,0.76,0.85,0.4115,0.4104,0.001,0.0176,-4.4428,-4.4442,0.0014,3.607,3.596,0.011,0.192,253.24501,-0.02642,4381250547575102464
164,HD 152533,17,6,1938,45,b'2005-07-28T02:36:11.147',b'2013-08-02T02:45:49.309',9.657,1.026,24.789,b'K4',4717,6.246,5.083,0.2996,0.3046,0.0029,0.034,-4.8765,-4.8688,0.0046,1.329,1.353,0.014,0.162,253.62774,-14.58325,4140294975233688064
165,HD 153851,11,9,397,91,b'2005-07-27T02:00:26.666',b'2006-08-28T00:05:39.242',8.984,0.892,29.258,b'K2',5052,4.968,4.284,0.5296,0.5279,0.0021,0.0213,-4.4494,-4.4509,0.0019,3.553,3.541,0.015,0.158,255.59509,-11.89345,4333230201866391040
166,HD 153950,64,45,4357,58,b'2005-05-16T06:54:28.697',b'2018-03-11T09:47:27.321',7.383,0.562,20.609,b'F9',6074,4.651,0.867,0.154,0.1539,0.0012,0.0049,-4.9711,-4.9721,0.0082,1.069,1.066,0.02,0.083,256.12863,-43.30977,5965406010180880384
167,HD 154088,280,186,4143,190,b'2006-04-04T09:15:40.311',b'2017-08-08T02:58:09.488',6.659,0.839,54.708,b'G9',5374,4.154,3.175,0.1611,0.1612,0.0007,0.0056,-5.0723,-5.0718,0.0029,0.847,0.848,0.006,0.048,256.11601,-28.58268,6029992663310612480
168,HD 154160,10,7,9,101,b'2005-05-11T05:47:56.901',b'2005-05-20T07:34:19.729',6.517,0.769,27.476,b'G5',5656,5.141,1.443,0.1418,0.141,0.0008,0.0027,-5.1802,-5.1856,0.0055,0.66,0.652,0.008,0.029,255.79352,14.51134,4545449415043729408
169,HD 154387,16,4,2624,39,b'2005-05-16T06:57:35.226',b'2013-04-30T08:57:21.414',9.418,1.11,36.515,b'K4',4570,5.043,4.722,0.5504,0.5376,0.0052,0.0213,-4.7196,-4.7299,0.0042,1.907,1.862,0.018,0.075,256.88081,-48.24832,5938742337829520384
170,HD 154577,840,435,4826,123,b'2004-05-20T06:05:49.833',b'2017-08-06T03:26:45.140',7.394,0.894,72.732,b'K3',4847,0.034,0.002,0.2353,0.2334,0.0009,0.0125,-4.8656,-4.8699,0.0022,1.363,1.349,0.007,0.092,257.54313,-60.72877,5914096303621755904
171,HD 154962,40,22,2544,200,b'2006-04-04T09:33:10.088',b'2013-03-22T08:59:13.165',6.357,0.7,27.985,b'G1',5827,4.138,1.024,0.1406,0.1405,0.0006,0.0009,-5.1817,-5.1823,0.0048,0.658,0.657,0.007,0.012,257.22717,-3.883,4365099851340249600
172,HD 155712,16,14,435,126,b'2005-05-11T06:09:32.680',b'2006-07-20T02:01:10.431',7.934,0.935,47.974,b'K3',4933,5.238,4.721,0.1928,0.1927,0.001,0.0092,-5.0056,-5.0059,0.0028,0.987,0.986,0.006,0.06,258.15676,18.35119,4548462729742343168
173,HD 155717,4,4,2130,38,b'2006-05-27T05:02:38.488',b'2012-03-26T09:50:02.912',9.915,0.943,20.199,b'K3',4873,6.438,5.05,0.5845,0.5751,0.0047,0.0246,-4.4632,-4.4708,0.0037,3.442,3.383,0.03,0.155,258.3405,-0.38154,4368455633841540096
174,HD 156098,59,55,4723,113,b'2005-05-03T08:52:07.612',b'2018-04-08T08:47:14.691',5.514,0.508,20.699,b'F5',6517,1.594,0.047,0.1754,0.1755,0.0009,0.0022,-4.782,-4.7816,0.0045,1.652,1.653,0.017,0.042,259.26519,-32.66284,5979460655025099776
175,HD 157172,128,122,3602,121,b'2005-07-27T02:18:54.166',b'2017-03-07T09:09:09.271',7.846,0.785,30.273,b'G8',5451,0.0,0.0,0.1715,0.1733,0.0008,0.0089,-5.0123,-5.004,0.0037,0.972,0.991,0.008,0.091,260.64402,-19.61618,4122133830616441856
176,HD 157338,30,23,2857,192,b'2005-05-25T06:12:52.799',b'2013-03-21T07:36:09.751',6.913,0.585,30.184,b'F9',6027,4.715,1.199,0.1634,0.1629,0.0006,0.0013,-4.9356,-4.9385,0.0036,1.16,1.152,0.009,0.022,261.03642,-34.79845,5975810379449715712
177,HD 157347,204,85,3998,151,b'2006-03-17T09:50:15.468',b'2017-02-25T09:45:58.014',6.252,0.67,50.859,b'G4',5676,8.241,1.644,0.1613,0.1611,0.0006,0.0017,-5.0204,-5.0213,0.0038,0.954,0.952,0.008,0.024,260.7137,-2.38818,4367026303085395968
178,HD 157750,5,4,127,74,b'2005-04-06T07:57:46.357',b'2005-08-11T02:19:58.344',8.014,0.664,21.938,b'F7',6252,0.0,0.0,0.2406,0.2393,0.0016,0.0048,-4.6873,-4.6911,0.0047,2.055,2.037,0.022,0.067,261.64524,-32.96968,5976271757721063424
179,HD 157830,68,63,3024,133,b'2004-05-26T07:35:25.292',b'2012-09-05T03:10:56.941',7.877,0.684,32.146,b'G7',5540,7.931,1.874,0.2139,0.2142,0.0008,0.0097,-4.7881,-4.7868,0.003,1.629,1.634,0.011,0.128,261.84147,-38.06145,5974066343551468544
180,HD 160013,8,6,9,50,b'2005-05-11T06:27:14.856',b'2005-05-20T07:55:38.165',8.5,0.764,22.72,b'G9',5372,4.86,4.655,0.2532,0.2554,0.0019,0.0034,-4.7295,-4.7242,0.0047,1.864,1.887,0.02,0.036,264.2321,19.92235,4555422981940923904
181,HD 160346,98,31,1675,132,b'2004-02-11T09:08:44.618',b'2008-09-12T00:52:07.889',6.542,0.963,99.139,b'K3',4843,4.782,4.709,0.3109,0.3141,0.001,0.0315,-4.7863,-4.7813,0.0016,1.636,1.655,0.006,0.186,264.82048,3.55524,4377160604838377472
182,HD 160836,26,11,1461,37,b'2006-08-28T01:09:25.317',b'2011-06-02T06:32:28.052',9.748,1.053,27.176,b'K4',4628,5.652,4.987,0.8558,0.8377,0.0069,0.0347,-4.4389,-4.4484,0.0036,3.64,3.562,0.03,0.151,265.60509,-9.07603,4165205652413099008
183,HD 161098,155,148,4172,138,b'2006-04-04T09:49:23.136',b'2017-09-06T01:40:43.661',7.717,0.693,33.545,b'G7',5560,10.033,2.175,0.1808,0.1818,0.0008,0.0052,-4.9288,-4.924,0.0037,1.178,1.191,0.01,0.067,265.93438,-3.91787,4176501313320676864
184,HD 161612,63,49,4069,165,b'2004-05-28T06:56:16.765',b'2015-07-19T03:12:16.603',7.198,0.747,37.242,b'G6',5616,2.023,1.461,0.1611,0.1605,0.0007,0.002,-5.0539,-5.057,0.0037,0.883,0.877,0.007,0.022,266.98979,-34.01888,4041857799496807936
185,HD 162020,1,1,1,65,b'2005-05-22T06:23:00.237',b'2005-05-22T06:23:00.237',9.097,0.963,32.413,b'K4',4723,6.185,5.014,0.8963,0.8963,0.0039,0.0,-4.2929,-4.2929,0.002,5.094,5.094,0.023,0.0,267.65981,-40.31836,5957920668132624384
186,HD 162236,17,17,1074,91,b'2004-05-29T06:04:49.482',b'2007-05-08T08:00:14.737',8.909,0.729,22.387,b'G9',5343,7.132,2.984,0.2544,0.2568,0.0012,0.0123,-4.7009,-4.6947,0.003,1.991,2.02,0.014,0.145,267.78055,-27.39637,4063687056632311296
187,HD 162396,92,31,1536,189,b'2004-05-21T05:48:39.580',b'2008-08-04T01:11:57.981',6.187,0.522,31.272,b'F9',6090,7.282,1.566,0.1556,0.1554,0.0006,0.0013,-4.9109,-4.912,0.0037,1.228,1.225,0.011,0.024,268.2191,-41.99652,5956907713041688576
188,HD 162598,7,4,1153,39,b'2006-05-09T06:56:26.936',b'2013-08-13T01:25:06.401',9.849,1.119,32.66,b'K4',4634,4.537,4.614,0.5233,0.5117,0.005,0.0327,-4.7542,-4.7641,0.0042,1.761,1.721,0.017,0.112,268.06919,-7.56041,4171749945627705344
189,HD 163436,14,2,3607,64,b'2006-04-06T09:58:19.318',b'2016-04-11T07:42:22.424',9.633,0.916,20.495,b'K2',5030,5.003,4.71,0.1945,0.1979,0.0016,0.0117,-4.9876,-4.9779,0.0047,1.029,1.052,0.011,0.081,269.74091,-51.62532,5945469184292487168
190,HD 165920,45,35,3660,115,b'2005-05-26T08:01:42.471',b'2015-06-03T05:25:01.225',7.937,0.852,30.738,b'G9',5339,5.108,3.971,0.1557,0.1551,0.0008,0.0026,-5.0993,-5.1019,0.0037,0.796,0.791,0.007,0.022,272.32366,-22.90844,4066590798160123904
191,HD 166724,55,51,2677,68,b'2004-05-28T07:19:09.589',b'2011-09-26T01:12:02.704',9.325,0.859,22.127,b'K2',5099,7.211,4.442,0.2893,0.2887,0.0018,0.0168,-4.7241,-4.7253,0.0033,1.888,1.882,0.014,0.138,273.49865,-42.57538,6724520279784564736
192,HD 167359,3,3,346,113,b'2005-07-23T02:06:47.877',b'2006-07-04T04:48:02.386',8.549,0.765,26.498,b'G9',5348,9.013,3.15,0.2221,0.2246,0.0009,0.0084,-4.8161,-4.8083,0.0027,1.527,1.555,0.01,0.09,273.95446,-23.81595,4065583301939137536
193,HD 168159,2,2,261,80,b'2004-08-13T01:58:22.580',b'2005-05-01T07:19:54.647',9.264,1.054,33.56,b'K3',4783,3.757,4.027,1.0011,0.9999,0.0035,0.0084,-4.3715,-4.372,0.0015,4.251,4.246,0.015,0.036,274.66949,-6.70103,4160661607077241856
194,HD 168443,14,9,1082,144,b'2008-09-21T23:28:00.961',b'2011-09-09T01:43:47.816',6.892,0.714,25.208,b'G6',5590,9.015,2.508,0.1458,0.1469,0.0006,0.0016,-5.1725,-5.1642,0.005,0.672,0.685,0.008,0.019,275.01639,-9.59572,4157584215800708608
195,HD 168746,43,17,2962,107,b'2010-04-03T09:44:03.966',b'2018-05-13T09:06:55.739',7.962,0.717,24.028,b'G6',5568,12.803,4.332,0.1592,0.1589,0.0007,0.002,-5.0559,-5.0577,0.0041,0.879,0.876,0.008,0.025,275.45743,-11.92268,4153637759337631232
196,HD 168863,73,21,4271,49,b'2006-07-30T01:23:16.383',b'2018-04-09T06:36:36.611',9.346,1.007,25.035,b'K3',4782,6.47,5.237,0.3526,0.3529,0.0031,0.023,-4.7767,-4.7762,0.0041,1.672,1.674,0.016,0.117,275.66482,-18.02101,4096449891854565376
197,HD 168871,125,25,3079,184,b'2004-05-20T06:22:59.953',b'2012-10-24T00:36:37.424',6.449,0.593,36.651,b'F9',5983,6.046,1.4,0.1608,0.1608,0.0006,0.001,-4.9594,-4.959,0.0039,1.098,1.099,0.01,0.017,276.13807,-49.65288,6703245382605547520
198,HD 169830,86,22,1919,160,b'2004-07-15T04:20:31.760',b'2009-10-17T01:06:32.183',5.889,0.513,26.564,b'F6',6361,2.248,0.559,0.1473,0.1471,0.0005,0.0011,-4.956,-4.9575,0.004,1.107,1.103,0.01,0.02,276.95619,-29.81686,4048037707717866496
199,HD 170493,51,46,3701,103,b'2005-07-26T02:51:41.827',b'2015-09-13T02:17:08.136',8.084,1.09,53.242,b'K3',4751,4.944,4.602,0.3474,0.3601,0.0018,0.0499,-4.8938,-4.8776,0.0024,1.277,1.326,0.007,0.19,277.46836,-1.8181,4270446404294208000
200,HD 171587,51,47,3585,95,b'2004-11-01T23:55:53.279',b'2014-08-27T03:57:07.069',8.52,0.691,28.605,b'G9',5412,0.031,0.001,0.2251,0.2253,0.0011,0.0062,-4.756,-4.7553,0.0035,1.754,1.757,0.014,0.08,279.03841,-10.89071,4154791250114009600
201,HD 171665,22,22,2512,150,b'2005-07-26T03:24:45.014',b'2012-06-11T07:08:04.348',7.439,0.69,33.107,b'G5',5655,6.05,1.284,0.181,0.1791,0.0007,0.007,-4.9264,-4.9351,0.0034,1.185,1.161,0.009,0.091,279.3035,-25.67127,4076014471814188032
202,HD 171990,74,33,1797,145,b'2003-10-27T00:27:25.712',b'2008-09-27T01:39:04.997',6.372,0.586,23.019,b'F9',6045,3.364,1.019,0.1429,0.1428,0.0006,0.0016,-5.1495,-5.1507,0.0057,0.709,0.707,0.009,0.025,281.95471,-77.86825,6365296911707683840
203,HD 172051,71,21,1044,186,b'2004-10-27T23:57:09.849',b'2007-09-07T01:29:49.108',5.855,0.675,76.635,b'G6',5590,7.705,2.152,0.1871,0.1856,0.0006,0.0043,-4.8878,-4.8945,0.0025,1.295,1.275,0.007,0.057,279.72251,-21.05187,4079684229322231296
204,HD 172513,44,41,1081,135,b'2004-05-28T07:36:33.790',b'2007-05-14T09:09:37.558',7.943,0.745,30.043,b'G8',5500,6.333,1.653,0.2328,0.2322,0.0009,0.0073,-4.7713,-4.773,0.0025,1.693,1.687,0.01,0.082,280.50982,-34.46633,6735442725215001600
205,HD 172568,103,64,3794,84,b'2005-05-16T07:29:24.865',b'2017-10-01T02:59:35.625',8.523,0.623,20.081,b'G3',5728,11.331,2.183,0.1742,0.1752,0.001,0.0036,-4.9098,-4.9046,0.0051,1.231,1.246,0.014,0.054,280.78637,-45.90077,6705807588293736448
206,HD 174080,2,2,1,92,b'2005-05-19T08:53:19.889',b'2005-05-20T10:24:52.958',8.015,1.086,59.262,b'K4',4634,5.44,4.736,0.6732,0.6828,0.0036,0.0087,-4.5938,-4.5876,0.0024,2.548,2.585,0.014,0.034,282.12177,10.74545,4503794795019023872
207,HD 174545,25,22,3073,92,b'2004-05-29T06:54:43.422',b'2012-10-27T00:27:56.086',8.403,0.882,28.466,b'K1',5216,4.894,4.21,0.2034,0.2045,0.0012,0.0129,-4.9398,-4.9367,0.0034,1.149,1.157,0.009,0.099,283.4886,-54.90628,6650273867313671168
208,HD 175607,127,106,3912,78,b'2004-07-19T04:33:14.560',b'2015-04-05T09:44:17.882',8.592,0.696,24.766,b'G9',5392,0.023,0.001,0.1803,0.181,0.0011,0.0039,-4.9331,-4.9298,0.0052,1.167,1.175,0.014,0.05,285.27287,-66.19268,6434759761383344128
209,HD 176157,1,1,1,125,b'2004-07-18T04:49:25.587',b'2004-07-18T04:49:25.587',8.403,0.834,31.819,b'K1',5170,10.568,3.069,0.2555,0.2555,0.001,0.0,-4.7739,-4.7739,0.0022,1.683,1.683,0.009,0.0,284.73538,-0.50399,4265754822578472960
210,HD 176354,72,46,3967,61,b'2006-05-31T08:28:10.331',b'2017-04-10T07:17:25.703',7.059,0.884,20.408,b'K0',5271,5.347,0.165,0.1681,0.1613,0.0014,0.0181,-5.025,-5.0505,0.0052,0.944,0.89,0.011,0.145,285.80096,-56.99667,6636878207913353216
211,HD 176535,20,8,3560,43,b'2004-07-18T05:38:03.188',b'2016-05-20T08:17:50.158',9.78,1.05,27.151,b'K4',4662,5.574,4.829,0.6319,0.6363,0.0098,0.0279,-4.5695,-4.5665,0.0069,2.694,2.714,0.043,0.122,285.33121,-13.69069,4101624159180751360
212,HD 176986,171,154,4762,96,b'2004-07-18T05:08:08.878',b'2017-08-01T01:56:48.105',8.421,0.939,35.963,b'K2',5018,4.756,4.323,0.2708,0.2719,0.0015,0.0147,-4.8304,-4.8283,0.0028,1.478,1.485,0.009,0.094,285.77447,-11.04393,4199396753205879296
213,HD 177033,11,2,86,47,b'2009-04-10T09:54:00.965',b'2015-10-26T00:58:38.517',9.92,0.985,21.924,b'K3',4764,7.242,5.315,0.3475,0.3474,0.0028,0.0004,-4.7573,-4.7574,0.0038,1.749,1.748,0.015,0.002,286.02771,-28.20308,6762566921149204480
214,HD 177409,35,22,3221,132,b'2004-05-28T08:03:52.907',b'2013-03-23T09:41:18.947',7.524,0.598,27.282,b'G1',5898,2.606,0.519,0.1852,0.1835,0.0008,0.0059,-4.8315,-4.8395,0.0037,1.474,1.447,0.013,0.095,287.47731,-68.29969,6421555485729063936
215,HD 177565,238,143,5082,217,b'2003-10-25T00:19:41.303',b'2017-09-23T01:13:13.611',6.156,0.707,59.08,b'G5',5627,4.579,1.512,0.1888,0.1871,0.0006,0.0084,-4.9012,-4.9085,0.0027,1.255,1.234,0.008,0.104,286.7186,-37.81066,6718894388002452480
216,HD 177758,20,19,3426,160,b'2003-10-30T00:26:24.277',b'2013-03-17T09:54:40.705',7.254,0.571,26.32,b'G1',5862,3.022,8.554,0.1665,0.1664,0.0006,0.0011,-4.9021,-4.9022,0.0038,1.253,1.252,0.011,0.019,286.6055,-11.89741,4198685678421508608
217,HD 178340,17,13,1981,100,b'2007-09-22T02:27:52.793',b'2013-09-26T02:20:56.382',8.161,0.754,20.436,b'G5',5636,4.462,1.969,0.1511,0.1505,0.0009,0.0023,-5.1135,-5.1172,0.0054,0.77,0.763,0.01,0.025,287.23716,-17.53581,4087500657432162304
218,HD 178787,10,7,2093,67,b'2007-09-24T00:22:18.065',b'2013-06-19T07:48:33.266',9.122,0.852,20.141,b'K1',5217,5.424,4.583,0.2655,0.2681,0.0018,0.0253,-4.766,-4.7606,0.0038,1.714,1.735,0.015,0.211,287.7582,-25.81393,6764045867361955840
219,HD 179949,39,6,808,91,b'2005-08-22T03:15:08.300',b'2007-11-08T00:41:30.442',6.251,0.548,36.392,b'F7',6287,0.181,0.117,0.199,0.2021,0.0012,0.0048,-4.7208,-4.7087,0.0048,1.902,1.956,0.021,0.083,288.88846,-24.17935,6770313530317154304
220,HD 180409,20,18,3257,179,b'2003-10-30T01:00:34.542',b'2012-09-29T01:55:48.235',6.929,0.57,32.522,b'F9',6013,4.642,0.804,0.1678,0.1677,0.0006,0.0012,-4.8926,-4.893,0.0036,1.28,1.279,0.011,0.021,289.21756,-10.97178,4199928848101663232
221,HD 181249,15,1,1,58,b'2005-04-29T10:16:49.068',b'2017-06-29T08:18:04.350',9.432,0.929,23.563,b'K3',4878,1.058,3.062,0.2138,0.2138,0.002,0.0,-4.9447,-4.9447,0.005,1.136,1.136,0.013,0.0,290.9809,-62.87179,6444692298453251072
222,HD 181321,34,19,3756,96,b'2005-04-06T09:55:03.297',b'2015-07-21T03:19:56.510',6.484,0.63,50.286,b'F8',6134,0.095,0.053,0.4191,0.4213,0.0013,0.0093,-4.3132,-4.3104,0.0017,4.862,4.894,0.019,0.139,290.37387,-34.98343,6742873637093574656
223,HD 181428,18,16,2924,60,b'2005-06-24T05:45:40.907',b'2016-04-11T10:12:03.053',7.095,0.566,20.968,b'F8',6151,3.416,0.742,0.158,0.1595,0.0013,0.0057,-4.9488,-4.939,0.0083,1.125,1.151,0.021,0.097,290.41403,-29.60547,6758627852015732736
224,HD 181433,201,163,5029,93,b'2003-10-30T01:28:16.312',b'2017-08-06T02:05:09.948',8.399,1.006,37.179,b'K2',4962,4.603,4.607,0.1701,0.1699,0.0012,0.005,-5.1284,-5.129,0.0036,0.744,0.743,0.006,0.025,291.28986,-66.4688,6434153380720177152
225,HD 183414,71,28,3097,102,b'2009-04-21T05:44:38.092',b'2017-10-13T01:26:43.224',7.883,0.645,26.189,b'G0',5946,0.247,0.179,0.4392,0.4389,0.0011,0.0101,-4.302,-4.3023,0.0014,4.989,4.986,0.016,0.145,293.7905,-69.97558,6420588087293438976
226,HD 183658,80,72,4446,155,b'2005-08-22T03:55:12.335',b'2017-10-24T00:06:15.998',7.158,0.6,29.96,b'G2',5803,6.619,1.43,0.165,0.165,0.0007,0.0023,-4.941,-4.9407,0.0043,1.145,1.146,0.011,0.036,292.71966,-6.51442,4208110932591708672
227,HD 183783,43,40,4326,79,b'2004-05-26T08:14:22.216',b'2016-03-30T08:34:34.947',8.693,1.089,47.341,b'K4',4595,5.561,4.918,0.3852,0.3809,0.0024,0.0378,-4.8465,-4.8515,0.0028,1.424,1.408,0.009,0.144,293.12612,-35.45173,6741156023833749504
228,HD 183870,1,1,1,173,b'2005-07-28T03:54:25.703',b'2005-07-28T03:54:25.703',7.529,0.922,56.516,b'K2',4961,7.701,4.45,0.5378,0.5378,0.0011,0.0,-4.4766,-4.4766,0.001,3.337,3.337,0.007,0.0,293.02793,-11.27494,4187837450005192704
229,HD 183993,15,13,434,105,b'2005-05-11T08:45:28.342',b'2006-07-20T02:54:08.123',8.432,0.802,20.66,b'G2',5821,1.964,2.122,0.1521,0.151,0.0009,0.0041,-5.1115,-5.1175,0.0047,0.774,0.763,0.008,0.04,293.0041,5.39856,4294231623975947264
230,HD 184768,6,5,8,176,b'2005-05-12T08:34:56.822',b'2005-05-20T08:26:24.729',7.594,0.691,25.087,b'G4',5675,10.919,2.343,0.1631,0.163,0.0006,0.0006,-5.0212,-5.0219,0.0038,0.952,0.951,0.008,0.008,294.00272,0.09119,4239437599419697664
231,HD 184985,39,16,2259,222,b'2005-04-06T09:58:32.397',b'2011-06-14T09:01:01.619',5.461,0.502,31.65,b'F6',6372,2.326,0.583,0.148,0.1478,0.0006,0.0011,-4.9352,-4.9368,0.0039,1.161,1.157,0.011,0.021,294.39339,-14.3018,4182958848189670400
232,HD 185283,71,11,2977,45,b'2005-07-29T04:48:36.716',b'2017-11-10T23:58:35.248',9.025,1.038,31.823,b'K3',4746,6.506,5.096,0.2675,0.2637,0.0026,0.0334,-4.9447,-4.9514,0.0046,1.136,1.118,0.012,0.153,295.32463,-56.32188,6640676436470581248
233,HD 185615,22,21,2947,113,b'2004-05-15T09:04:24.108',b'2012-06-09T07:17:09.246',8.091,0.727,22.283,b'G6',5570,10.212,2.016,0.1598,0.1595,0.0008,0.0021,-5.0556,-5.0571,0.0047,0.88,0.877,0.01,0.025,295.30698,-32.87336,6741888096717765632
234,HD 186061,1,1,1,73,b'2004-05-29T08:58:31.639',b'2004-05-29T08:58:31.639',8.738,0.989,33.27,b'K3',4916,5.47,4.979,0.3818,0.3818,0.0021,0.0,-4.718,-4.718,0.0025,1.914,1.914,0.011,0.0,296.21838,-52.33634,6642655488681210880
235,HD 186803,5,4,126,87,b'2005-04-06T10:02:14.799',b'2005-08-11T02:34:23.047',7.606,0.691,32.804,b'G5',5660,0.563,0.555,0.2947,0.295,0.0011,0.0059,-4.5763,-4.5758,0.0024,2.653,2.656,0.015,0.076,296.82542,-18.74666,6869035449555144704
236,HD 187456,36,35,4149,79,b'2004-05-29T09:23:13.774',b'2015-10-08T00:28:11.976',8.402,1.059,42.449,b'K3',4832,5.706,4.614,0.3215,0.3243,0.0022,0.0198,-4.8862,-4.8822,0.0031,1.3,1.312,0.009,0.084,299.06729,-72.3643,6416143002299883520
237,HD 188559,33,30,796,88,b'2004-05-29T09:45:04.197',b'2006-08-03T05:22:59.626',8.541,1.05,42.325,b'K3',4786,5.2,4.867,0.399,0.4071,0.0021,0.0461,-4.7765,-4.7674,0.0024,1.673,1.708,0.009,0.202,299.63743,-54.93689,6449124395465377792
238,HD 188642,1,1,1,124,b'2005-06-24T05:00:06.949',b'2005-06-24T05:00:06.949',6.536,0.411,19.237,b'  ',0,0.0,0.0,0.2627,0.2627,0.0008,0.0,0.0,0.0,0.0,0.0,0.0,0.0,0.0,299.42211,-38.05888,6691115226725316608
239,HD 188748,20,20,2133,114,b'2004-07-20T04:31:09.147',b'2010-05-23T09:45:22.122',8.113,0.671,24.362,b'G6',5623,9.349,1.962,0.1699,0.1696,0.0008,0.0019,-4.9708,-4.9724,0.0044,1.07,1.066,0.011,0.026,300.46687,-69.18794,6423511619991420928
240,HD 189004,5,5,2251,34,b'2006-07-02T06:31:29.951',b'2012-08-30T04:57:57.871',9.366,0.864,21.194,b'K2',5079,9.744,4.085,0.4684,0.4589,0.0044,0.0135,-4.4798,-4.49,0.0046,3.313,3.236,0.035,0.109,299.66628,-19.93564,6866972250345142272
241,HD 189242,5,5,3327,78,b'2006-05-14T07:52:11.786',b'2015-06-23T09:10:52.742',9.192,0.917,28.719,b'K3',4913,7.954,5.0,0.4485,0.4448,0.0022,0.0382,-4.5578,-4.5619,0.0024,2.768,2.742,0.015,0.262,299.94137,-20.21041,6866905901690264576
242,HD 189567,659,254,5031,183,b'2003-10-25T01:06:18.267',b'2017-08-03T03:04:47.804',6.075,0.65,55.82,b'G3',5726,11.624,1.021,0.1778,0.1782,0.0006,0.0031,-4.9138,-4.912,0.0031,1.219,1.225,0.009,0.044,301.38652,-67.3209,6427244702486210560
243,HD 189625,59,21,1757,160,b'2004-10-08T23:37:28.055',b'2009-08-01T06:31:49.533',7.332,0.651,29.292,b'G1',5846,0.977,0.812,0.2061,0.2036,0.0007,0.0113,-4.7909,-4.8006,0.0027,1.618,1.583,0.01,0.16,300.38667,-16.869,6871005636949836800
244,HD 189733,117,8,395,84,b'2006-07-30T02:31:01.288',b'2007-08-29T03:27:54.754',7.656,0.927,50.568,b'K2',4969,8.756,4.857,0.5435,0.5401,0.0009,0.0161,-4.4777,-4.4807,0.0008,3.329,3.306,0.006,0.107,300.18214,22.71085,1827242816201846016
245,HD 190594,6,5,8,121,b'2005-05-12T08:52:55.299',b'2005-05-20T08:42:38.827',8.348,0.775,23.8,b'G9',5413,10.333,2.573,0.1643,0.164,0.0008,0.0021,-5.0439,-5.0455,0.0041,0.904,0.9,0.009,0.022,301.39014,3.50276,4247115798351115776
246,HD 190954,21,21,2641,92,b'2005-07-29T05:06:04.357',b'2012-10-21T00:03:36.808',8.375,0.706,24.472,b'G8',5430,0.023,0.001,0.172,0.1723,0.001,0.003,-4.9797,-4.9785,0.005,1.048,1.051,0.012,0.038,302.45068,-51.71824,6666015128609223680
247,HD 191033,9,9,3050,58,b'2006-07-02T06:58:23.832',b'2014-11-07T01:42:41.517',7.535,0.522,20.568,b'F7',6206,3.911,1.082,0.1631,0.1637,0.0013,0.0032,-4.8648,-4.8613,0.0074,1.365,1.376,0.023,0.058,302.14955,-23.59054,6851090320276639744
248,HD 191285,26,13,2045,40,b'2006-07-02T07:02:48.417',b'2013-11-04T00:31:38.314',9.755,1.139,31.84,b'K5',4492,5.678,4.853,0.7192,0.7254,0.0061,0.0519,-4.6456,-4.6419,0.0037,2.261,2.281,0.019,0.165,302.40195,-14.28691,6877985989601384448
249,HD 191797,39,30,4680,40,b'2004-07-15T07:19:12.207',b'2017-05-09T06:00:15.056',9.495,0.904,22.563,b'K2',5037,4.219,4.081,0.6392,0.6385,0.005,0.0251,-4.3746,-4.3751,0.0037,4.221,4.216,0.036,0.179,303.45751,-47.61523,6669199657880255488
250,HD 191847,2,2,1041,63,b'2005-07-25T04:42:12.391',b'2008-05-31T09:47:36.887',9.469,0.869,21.496,b'K2',5020,10.648,5.057,0.2976,0.2942,0.002,0.0089,-4.7172,-4.7234,0.0036,1.918,1.89,0.016,0.07,303.33154,-36.3024,6694561405404064768
251,HD 191902,2,1,1,38,b'2009-07-01T07:05:00.526',b'2009-07-04T09:00:40.357',9.875,1.036,24.515,b'K4',4626,7.198,5.636,0.6599,0.6599,0.0053,0.0,-4.5304,-4.5304,0.0036,2.949,2.949,0.024,0.0,303.17392,-13.20166,6879590383224916992
252,HD 192031,22,17,3374,91,b'2004-05-25T08:47:07.998',b'2013-08-22T05:22:04.139',8.679,0.735,28.295,b'K1',5215,0.023,0.001,0.1774,0.1771,0.0014,0.0015,-4.967,-4.9685,0.0064,1.079,1.075,0.016,0.017,303.3441,-15.43211,6874580149255288832
253,HD 192117,2,2,747,81,b'2004-07-17T05:23:05.728',b'2006-08-03T06:07:47.971',8.394,0.734,25.135,b'G8',5479,4.419,3.06,0.2717,0.2718,0.0013,0.0003,-4.6625,-4.6624,0.003,2.175,2.176,0.015,0.003,305.10076,-75.57788,6366579320221511680
254,HD 192310,1835,432,4717,183,b'2003-11-01T23:50:09.750',b'2016-10-01T04:00:05.129',5.751,0.885,113.648,b'K2',5087,6.288,4.533,0.1951,0.2004,0.0006,0.021,-4.9668,-4.9509,0.0019,1.08,1.12,0.005,0.159,303.82247,-27.03298,6847167606385196032
255,HD 193193,56,41,5318,179,b'2003-11-05T00:15:37.506',b'2018-05-28T05:49:39.872',7.197,0.593,25.02,b'G0',5979,5.992,1.108,0.1667,0.1658,0.0006,0.0052,-4.9234,-4.9285,0.0037,1.193,1.179,0.01,0.084,304.93827,-25.2286,6848935999040583680
256,HD 193844,5,3,446,78,b'2005-08-24T06:17:41.308',b'2006-11-15T00:08:40.337',9.193,0.871,26.69,b'K2',5007,8.04,4.676,0.284,0.2866,0.0014,0.0085,-4.7444,-4.7395,0.0026,1.801,1.822,0.011,0.067,305.67448,-10.30187,6905188590167308288
257,HD 193901,28,23,3965,68,b'2003-11-02T00:06:43.372',b'2014-09-10T00:45:39.167',8.63,0.547,20.807,b'G6',5611,0.015,0.001,0.1712,0.1706,0.0013,0.0022,-4.848,-4.8513,0.0071,1.419,1.408,0.023,0.038,305.89936,-21.37062,6859076107589173248
258,HD 194717,6,1,1,76,b'2006-07-05T08:24:08.832',b'2017-09-28T01:50:11.290',9.071,0.76,20.649,b'K0',5247,0.03,0.018,0.175,0.175,0.0012,0.0,-4.9879,-4.9879,0.0055,1.028,1.028,0.013,0.0,308.98112,-78.46943,6362034660706207744
259,HD 195034,1,1,1,153,b'2009-05-22T09:51:21.738',b'2009-05-22T09:51:21.738',7.054,0.629,35.514,b'G2',5803,2.897,0.829,0.1937,0.1937,0.0007,0.0,-4.8224,-4.8224,0.003,1.505,1.505,0.01,0.0,307.04923,22.12899,1818697205647102720
260,HD 195302,3,3,1414,64,b'2004-07-17T05:40:54.958',b'2008-05-31T10:03:40.897',9.239,0.827,23.365,b'K2',5063,5.28,4.509,0.3025,0.2962,0.0019,0.0078,-4.6726,-4.6843,0.0035,2.125,2.068,0.017,0.071,307.92079,-35.52416,6695591029323538432
261,HD 195564,95,37,4363,259,b'2003-11-05T00:34:29.460',b'2015-10-16T01:14:47.709',5.671,0.693,40.382,b'G4',5676,7.529,1.683,0.1458,0.1458,0.0006,0.0012,-5.1753,-5.1754,0.0046,0.668,0.668,0.007,0.015,308.09873,-9.85339,6904703228801029120
262,HD 196385,57,18,1890,210,b'2006-05-20T07:41:00.393',b'2011-07-23T08:15:25.046',6.384,0.329,20.967,b'  ',0,0.0,0.0,0.2837,0.2835,0.0006,0.0014,0.0,0.0,0.0,0.0,0.0,0.0,0.0,309.46762,-25.10922,6800404105546752000
263,HD 196761,66,37,4363,200,b'2003-11-05T00:47:34.709',b'2015-10-16T01:24:54.842',6.43,0.744,68.135,b'G8',5415,12.229,2.548,0.1861,0.1867,0.0006,0.005,-4.9326,-4.9299,0.0025,1.168,1.175,0.007,0.056,310.04898,-23.77387,6854626246593473536
264,HD 196800,29,29,4122,172,b'2006-07-29T05:48:15.910',b'2017-11-10T00:47:10.601',7.198,0.603,23.98,b'F9',6010,3.215,0.27,0.1561,0.1558,0.0006,0.0015,-5.0009,-5.0028,0.0044,0.998,0.994,0.01,0.023,310.09306,-24.11803,6806482034026893312
265,HD 197210,19,18,2831,139,b'2005-08-24T06:53:17.626',b'2013-05-25T08:52:36.210',7.5,0.672,33.504,b'G6',5577,7.32,1.709,0.1891,0.1885,0.0008,0.0061,-4.8766,-4.8794,0.0034,1.329,1.32,0.01,0.082,310.62254,-5.30124,6914237987476826112
266,HD 197818,15,14,2322,136,b'2007-06-03T08:47:34.992',b'2013-10-11T01:15:54.506',7.658,0.619,27.106,b'G2',5808,5.026,1.332,0.1763,0.1771,0.0007,0.0039,-4.8959,-4.8917,0.0038,1.271,1.283,0.011,0.06,311.64279,-17.1629,6861955037050486784
267,HD 197823,22,18,1056,117,b'2004-10-09T00:21:06.775',b'2007-08-31T05:47:53.830',8.249,0.755,27.004,b'G9',5396,4.939,2.889,0.2376,0.2486,0.001,0.0205,-4.7644,-4.735,0.0027,1.72,1.841,0.011,0.226,311.81925,-35.15409,6779678792398337024
268,HD 197921,9,1,1,50,b'2007-06-04T09:57:20.372',b'2017-05-10T07:57:26.186',9.241,0.976,25.494,b'K3',4913,5.065,4.794,0.2236,0.2236,0.0025,0.0,-4.9621,-4.9621,0.0056,1.091,1.091,0.014,0.0,312.29248,-54.77774,6470278694244646912
269,HD 198075,22,22,2887,108,b'2004-12-04T00:29:21.675',b'2012-10-30T01:19:48.237',8.016,0.618,24.042,b'G1',5846,4.991,1.093,0.1714,0.1711,0.0008,0.0026,-4.9207,-4.9224,0.0045,1.2,1.196,0.013,0.04,312.06329,-12.4543,6888226462941735936
270,HD 199190,78,25,763,129,b'2004-07-15T08:05:27.077',b'2006-09-03T05:15:31.972',6.853,0.624,26.052,b'G0',5926,4.932,0.709,0.1536,0.1533,0.0007,0.0022,-5.0379,-5.0406,0.0047,0.916,0.911,0.01,0.033,315.02415,-69.57943,6375406062130233344
271,HD 199260,49,12,2456,214,b'2004-09-22T00:49:04.699',b'2011-06-14T09:23:51.482',5.702,0.508,46.976,b'  ',0,0.0,0.0,0.294,0.2947,0.0006,0.0072,0.0,0.0,0.0,0.0,0.0,0.0,0.0,314.19721,-26.29638,6802426038708610048
272,HD 199288,1136,168,4849,214,b'2003-11-04T01:05:35.187',b'2017-09-06T04:49:38.740',6.521,0.588,46.318,b'G2',5765,0.018,0.0,0.172,0.1722,0.0006,0.0017,-4.8884,-4.8868,0.0033,1.293,1.298,0.01,0.027,314.41695,-44.12937,6484716209628727296
273,HD 199933,2,2,4,65,b'2004-05-21T09:32:20.268',b'2004-05-25T09:38:20.359',9.357,1.045,32.285,b'K3',4730,4.673,4.631,0.759,0.7615,0.0038,0.041,-4.4805,-4.479,0.0022,3.308,3.319,0.017,0.183,315.57602,-52.2914,6476635898675745792
274,HD 199981,24,11,3679,40,b'2007-06-04T10:25:03.281',b'2017-06-30T06:40:56.025',9.375,1.241,48.723,b'K4',4546,4.726,4.862,1.1444,1.1485,0.0081,0.0478,-4.6117,-4.6102,0.0031,2.445,2.454,0.017,0.102,315.41292,-32.52448,6781117812601143296
275,HD 200083,25,5,2194,48,b'2006-06-03T09:25:50.483',b'2014-09-29T02:33:22.126',9.623,1.056,26.257,b'K3',4828,4.781,4.695,0.3192,0.3246,0.0031,0.0266,-4.886,-4.8783,0.0045,1.3,1.323,0.013,0.114,315.47116,-22.5826,6807665039816419328
276,HD 200349,33,12,329,42,b'2004-09-23T02:37:26.178',b'2009-10-06T03:18:48.941',9.414,1.038,30.792,b'K3',4844,4.309,4.359,0.4678,0.4699,0.004,0.0116,-4.6873,-4.6853,0.0039,2.054,2.064,0.018,0.053,316.38206,-59.13838,6456068090569155584
277,HD 200505,1,1,1,54,b'2004-08-01T07:50:15.199',b'2004-08-01T07:50:15.199',8.548,0.839,35.917,b'K2',5035,10.084,4.111,0.3974,0.3974,0.0026,0.0,-4.5376,-4.5376,0.0034,2.9,2.9,0.023,0.0,316.94134,-67.92032,6376731416021420032
278,HD 201219,12,12,435,58,b'2005-05-11T09:49:50.446',b'2006-07-20T04:04:16.886',8.018,0.695,26.388,b'G5',5656,0.545,0.481,0.3065,0.3042,0.0019,0.0138,-4.5551,-4.5597,0.0039,2.786,2.756,0.025,0.177,316.9855,7.43294,1736965554247359232
279,HD 202206,67,62,4872,121,b'2004-05-21T08:34:36.702',b'2017-09-22T02:30:46.399',8.066,0.709,21.726,b'G2',5757,0.986,0.844,0.2318,0.2336,0.0009,0.0111,-4.7487,-4.7434,0.0028,1.784,1.806,0.011,0.137,318.7407,-20.78921,6832155218215202816
280,HD 202389,11,5,33,36,b'2007-06-06T10:09:58.992',b'2009-09-17T04:57:23.843',10.036,1.077,25.463,b'K4',4565,6.813,5.441,0.5771,0.5829,0.0051,0.0072,-4.6495,-4.645,0.0039,2.241,2.264,0.02,0.029,319.24953,-46.06262,6576452652326174720
281,HD 203384,21,21,2890,123,b'2004-12-02T00:28:10.566',b'2012-10-31T01:23:45.476',8.028,0.761,24.452,b'G6',5586,3.394,2.141,0.1614,0.1613,0.0009,0.0044,-5.0554,-5.056,0.0046,0.88,0.879,0.009,0.048,320.47367,-4.1743,2684228223537656320
282,HD 203413,5,5,4738,83,b'2004-08-13T05:11:13.668',b'2017-08-03T05:50:48.779',8.679,1.063,39.006,b'K3',4812,5.02,4.752,0.67,0.6625,0.0032,0.047,-4.5617,-4.5667,0.0021,2.743,2.712,0.014,0.197,321.06304,-58.6923,6453300894679705600
283,HD 203432,74,37,1405,148,b'2003-10-27T00:40:51.552',b'2007-09-01T05:21:40.987',7.605,0.739,28.52,b'G5',5645,2.439,1.544,0.1971,0.2032,0.0008,0.0161,-4.886,-4.863,0.003,1.3,1.371,0.009,0.185,320.84402,-41.55251,6582020205549054976
284,HD 204287,15,6,2621,62,b'2003-10-29T00:17:07.872',b'2013-08-02T08:29:38.886',7.321,0.66,20.125,b'G3',5743,8.597,2.415,0.1517,0.151,0.0011,0.0037,-5.1246,-5.13,0.0088,0.751,0.741,0.015,0.049,322.31032,-50.31684,6466670337598423040
285,HD 204313,113,105,4158,125,b'2006-05-06T09:31:06.392',b'2017-09-24T02:43:59.450',7.986,0.696,20.894,b'G2',5776,4.473,1.073,0.1598,0.1606,0.0007,0.0033,-5.0433,-5.0384,0.0046,0.905,0.915,0.01,0.043,322.05086,-21.72625,6828450688663428096
286,HD 204385,23,20,3281,150,b'2003-10-28T01:17:36.417',b'2012-10-21T02:51:08.236',7.132,0.593,26.406,b'F9',6033,3.252,0.37,0.1619,0.1618,0.0007,0.0014,-4.9529,-4.9537,0.0042,1.115,1.112,0.011,0.022,322.69971,-62.1676,6403912515987392512
287,HD 204941,96,95,4312,95,b'2004-12-02T00:45:30.058',b'2016-09-22T04:47:31.303',8.453,0.879,34.794,b'K2',4997,10.142,8.332,0.2091,0.2072,0.0012,0.0142,-4.9219,-4.9275,0.0034,1.197,1.182,0.009,0.11,323.09796,-20.95742,6830027182179257344
288,HD 205536,36,34,4415,165,b'2003-10-28T01:34:22.329',b'2015-11-29T00:28:24.878',7.074,0.756,44.973,b'G8',5442,9.832,1.811,0.1648,0.1646,0.0007,0.002,-5.0362,-5.0377,0.0036,0.92,0.917,0.008,0.022,325.12406,-74.07428,6370513647703085056
289,HD 206163,1,1,1,123,b'2004-11-26T00:12:28.167',b'2004-11-26T00:12:28.167',8.352,0.753,24.913,b'G7',5519,2.471,1.726,0.3127,0.3127,0.001,0.0,-4.5923,-4.5923,0.002,2.557,2.557,0.012,0.0,325.56894,-57.61295,6458847862122637312
290,HD 206172,21,20,2209,87,b'2004-12-02T01:02:58.050',b'2012-11-25T23:59:33.857',8.551,0.676,22.137,b'G6',5608,7.928,1.538,0.1903,0.1889,0.001,0.005,-4.8745,-4.8806,0.0044,1.335,1.316,0.013,0.067,325.11566,-2.01758,2674471122993231360
291,HD 206630,6,3,2205,41,b'2007-07-31T07:16:38.939',b'2013-08-13T03:43:36.513',9.781,0.96,24.868,b'K3',4804,6.358,4.927,0.4006,0.3754,0.0035,0.0424,-4.6606,-4.6916,0.0041,2.185,2.034,0.021,0.253,326.2524,-52.46421,6462371109694672896
292,HD 207129,385,107,4418,190,b'2003-10-25T01:15:38.284',b'2015-11-29T01:13:58.802',5.577,0.603,64.264,b'G0',5937,2.013,0.589,0.1746,0.1755,0.0006,0.0052,-4.8898,-4.8853,0.003,1.289,1.302,0.009,0.081,327.06563,-47.30362,6564091190988411904
293,HD 207583,2,2,139,110,b'2004-07-18T07:23:06.975',b'2004-12-04T00:46:20.654',8.28,0.735,26.229,b'G7',5534,1.14,1.107,0.3806,0.3807,0.0012,0.001,-4.4643,-4.4642,0.0018,3.433,3.434,0.014,0.011,327.59626,-16.19653,6837559970700624896
294,HD 207699,8,3,288,44,b'2003-10-31T01:51:33.869',b'2013-08-13T04:21:49.139',9.464,1.001,26.537,b'K3',4874,4.92,4.639,0.3818,0.3792,0.0035,0.0133,-4.7323,-4.7354,0.0043,1.852,1.839,0.018,0.069,328.01314,-45.0075,6564897098651283456
295,HD 207700,38,22,5105,136,b'2003-10-24T00:54:57.425',b'2017-10-24T03:28:55.449',7.414,0.69,26.024,b'G5',5666,10.274,2.545,0.1652,0.1651,0.0007,0.0019,-5.0087,-5.0091,0.0043,0.98,0.979,0.01,0.025,328.68835,-73.43848,6358928609077405696
296,HD 207970,20,20,3660,137,b'2003-10-31T01:11:10.130',b'2013-11-07T01:24:15.669',7.813,0.731,26.115,b'G7',5556,10.15,2.084,0.1606,0.1609,0.0007,0.0022,-5.0519,-5.0503,0.0042,0.887,0.891,0.009,0.026,328.42422,-28.67061,6617815730006011904
297,HD 208272,30,28,527,109,b'2003-10-31T00:50:30.505',b'2005-04-10T09:05:27.776',8.473,0.847,30.724,b'K1',5199,5.425,4.242,0.4499,0.447,0.0016,0.0181,-4.4815,-4.4848,0.0018,3.3,3.275,0.014,0.154,328.92498,-29.70614,6617495364101129216
298,HD 208487,76,36,5060,146,b'2004-09-17T04:26:19.219',b'2018-07-26T08:47:24.938',7.46,0.564,22.121,b'F8',6146,1.256,0.787,0.1616,0.1617,0.0006,0.0031,-4.9235,-4.923,0.0038,1.193,1.194,0.01,0.052,329.3327,-37.76362,6586580842340695040
299,HD 208573,3,2,347,67,b'2003-12-18T01:12:30.620',b'2004-11-29T00:38:34.006',9.054,1.036,29.836,b'K3',4910,4.59,4.302,0.574,0.5843,0.0039,0.0106,-4.5931,-4.5851,0.003,2.552,2.599,0.018,0.049,329.45524,-29.11635,6617542093345361920
300,HD 208704,73,69,4846,177,b'2004-07-18T07:39:50.248',b'2017-10-24T04:15:28.325',7.173,0.645,29.052,b'G1',5826,8.379,1.706,0.1713,0.1714,0.0007,0.003,-4.9441,-4.9438,0.0037,1.137,1.138,0.01,0.044,329.60136,-12.66466,6840872971033892864
301,HD 208880,12,7,427,93,b'2005-05-11T10:27:33.860',b'2006-07-20T05:03:50.818',8.454,0.756,25.899,b'G8',5451,1.279,1.368,0.1862,0.1864,0.0011,0.0028,-4.9379,-4.9369,0.0046,1.154,1.156,0.012,0.03,329.78718,3.19777,2695552540468718592
302,HD 209262,2,2,1,112,b'2005-05-19T09:42:30.343',b'2005-05-20T10:09:47.387',7.999,0.687,20.213,b'G3',5736,6.747,1.42,0.1619,0.1613,0.0009,0.0009,-5.0263,-5.0297,0.0056,0.941,0.934,0.012,0.012,330.47551,4.77045,2696108034358916608
303,HD 209566,13,3,3809,61,b'2003-11-05T01:08:23.734',b'2015-11-27T01:31:23.975',8.568,0.754,20.29,b'G8',5500,7.876,2.072,0.1634,0.1609,0.0013,0.0065,-5.0431,-5.0566,0.007,0.905,0.878,0.015,0.071,331.27393,-35.18173,6587352489048146944
304,HD 209742,26,26,3610,95,b'2003-12-13T00:54:57.577',b'2013-10-31T00:49:32.077',8.437,0.859,33.336,b'K2',5054,10.456,5.004,0.2347,0.2343,0.0013,0.0195,-4.8413,-4.8424,0.0031,1.441,1.437,0.01,0.16,331.6929,-45.39244,6567494213835357184
305,HD 210277,41,28,4149,182,b'2004-07-31T06:11:45.118',b'2015-12-10T00:36:52.593',6.547,0.775,46.923,b'G8',5505,9.755,2.072,0.1526,0.1525,0.0006,0.0023,-5.1066,-5.1073,0.0035,0.782,0.781,0.006,0.024,332.37444,-7.54866,2619706544757415936
306,HD 210329,7,1,1,45,b'2004-08-12T06:00:17.267',b'2013-08-13T04:52:21.267',9.563,0.958,22.732,b'K3',4878,0.258,0.713,0.2267,0.2267,0.0023,0.0,-4.938,-4.938,0.0052,1.153,1.153,0.014,0.0,332.64758,-40.41178,6573174325264800768
307,HD 210507,5,2,34,40,b'2006-08-27T04:06:12.414',b'2013-08-13T05:23:47.229',9.646,0.95,20.447,b'K3',4894,6.771,5.168,0.5005,0.5015,0.0045,0.0068,-4.544,-4.543,0.0042,2.858,2.864,0.027,0.042,333.0706,-54.97797,6508969718149502976
308,HD 210573,12,2,918,42,b'2003-11-05T01:27:59.039',b'2013-09-21T04:53:31.198',9.728,1.006,22.844,b'K3',4918,4.498,4.584,0.2944,0.292,0.0031,0.0143,-4.8604,-4.8642,0.005,1.379,1.367,0.016,0.073,333.2005,-56.4198,6411926753162859520
309,HD 210752,47,35,4275,145,b'2003-11-04T01:52:29.241',b'2015-07-19T09:29:35.345',7.445,0.537,27.64,b'G0',5951,11.858,2.266,0.1734,0.1732,0.0007,0.0014,-4.8249,-4.8261,0.0038,1.497,1.492,0.013,0.025,333.18141,-6.46892,2619938606134863872
310,HD 210918,216,134,5108,231,b'2003-10-28T01:02:54.926',b'2017-10-22T00:55:05.274',6.232,0.649,45.35,b'G2',5755,10.106,1.866,0.1604,0.1606,0.0006,0.0014,-5.0118,-5.0101,0.0037,0.973,0.977,0.008,0.02,333.66106,-41.38166,6569895822110444544
311,HD 210975,26,13,1088,57,b'2003-11-01T00:52:08.996',b'2013-11-08T01:08:23.750',9.512,1.067,31.563,b'K3',4749,5.175,4.67,0.2718,0.2754,0.0024,0.0133,-4.9742,-4.9681,0.004,1.061,1.076,0.01,0.055,333.645,-32.30826,6612306455196348416
312,HD 211038,228,107,5023,195,b'2003-11-01T01:28:43.602',b'2017-08-02T04:38:35.460',6.549,0.89,24.85,b'K2',4974,11.445,0.819,0.1363,0.136,0.0006,0.0018,-5.1598,-5.1615,0.003,0.692,0.689,0.005,0.014,333.65925,-15.81853,2598935670597134336
313,HD 211188,20,5,2919,42,b'2003-10-30T03:13:38.349',b'2017-06-30T07:10:35.463',9.657,0.902,20.064,b'K2',4976,9.912,5.444,0.2324,0.2307,0.0024,0.0125,-4.8786,-4.8824,0.0058,1.323,1.311,0.018,0.09,333.93551,-18.14471,6822778720492300288
314,HD 211317,16,9,2367,52,b'2003-10-30T02:41:03.795',b'2013-12-06T00:39:45.289',7.249,0.646,21.116,b'G0',5965,3.412,0.898,0.1503,0.1529,0.0013,0.0043,-5.0794,-5.0602,0.0101,0.833,0.871,0.019,0.061,334.70691,-68.3131,6397524662667335680
315,HD 211369,1,1,1,93,b'2003-11-01T01:09:58.859',b'2003-11-01T01:09:58.859',8.4,0.961,38.604,b'K2',4984,4.186,3.993,0.4889,0.4889,0.002,0.0,-4.568,-4.568,0.0019,2.704,2.704,0.012,0.0,334.41428,-48.65049,6512176375093055488
316,HD 211415,179,65,4433,217,b'2003-10-25T01:22:56.889',b'2015-12-14T00:59:34.587',5.371,0.618,71.343,b'G1',5850,8.599,1.504,0.1699,0.1704,0.0006,0.0028,-4.929,-4.9263,0.0032,1.178,1.185,0.009,0.043,334.56506,-53.62707,6508776375901968384
317,HD 211583,23,2,1764,43,b'2003-10-30T02:59:01.628',b'2016-12-08T01:31:50.647',9.95,1.13,24.417,b'K4',4570,5.161,4.725,0.492,0.487,0.0044,0.0241,-4.7991,-4.8036,0.004,1.588,1.572,0.015,0.079,334.69261,-29.75254,6615232019415600128
318,HD 211970,6,2,787,43,b'2009-09-16T04:05:14.933',b'2013-06-25T08:22:33.514',8.991,1.333,76.146,b'  ',0,0.0,0.0,1.2657,1.2672,0.008,0.0154,0.0,0.0,0.0,0.0,0.0,0.0,0.0,335.56753,-54.56061,6508401923473282048
319,HD 211976,30,13,2104,214,b'2005-09-09T03:21:15.606',b'2011-06-14T08:46:29.566',6.084,0.417,31.837,b'F5',6551,0.507,0.398,0.1561,0.1561,0.0006,0.0006,-4.774,-4.7743,0.0031,1.683,1.682,0.012,0.014,335.23249,8.18674,2722592692491549696
320,HD 212291,4,2,3,103,b'2005-11-27T00:17:16.634',b'2005-11-30T00:29:52.606',7.9,0.678,30.334,b'G6',5598,1.716,1.347,0.2147,0.2173,0.0015,0.0021,-4.7811,-4.7722,0.0052,1.655,1.69,0.02,0.029,335.78823,9.46108,2723309333554727936
321,HD 212563,2,2,216,54,b'2003-12-15T01:03:15.646',b'2004-07-18T07:56:41.592',9.51,0.925,22.553,b'K2',5018,4.055,4.189,0.5898,0.591,0.0035,0.0075,-4.437,-4.436,0.0028,3.656,3.664,0.024,0.05,336.41851,-24.72882,6625576843284657152
322,HD 212580,5,5,1069,96,b'2003-12-13T01:12:07.507',b'2006-11-16T01:04:22.763',8.783,0.865,28.271,b'K1',5155,4.658,4.052,0.3405,0.3375,0.0015,0.0061,-4.6419,-4.6465,0.0022,2.281,2.257,0.012,0.049,336.75997,-62.5246,6405211554615620608
323,HD 212658,10,7,3628,39,b'2006-07-29T07:24:13.290',b'2016-07-04T09:14:52.303',9.252,1.136,39.142,b'K4',4585,4.803,4.655,1.2805,1.2637,0.0083,0.0751,-4.3888,-4.3946,0.0028,4.085,4.031,0.026,0.241,336.55637,-19.18843,6821533111257080832
324,HD 212708,25,22,929,164,b'2003-10-27T01:06:11.360',b'2006-08-02T07:08:11.124',7.475,0.728,26.912,b'G4',5681,5.498,1.261,0.1533,0.1529,0.0007,0.0014,-5.0952,-5.0977,0.0045,0.803,0.798,0.008,0.017,336.85287,-49.36594,6517095109079262208
325,HD 213042,46,35,4431,112,b'2003-10-27T01:24:06.363',b'2015-12-14T01:08:00.754',7.681,1.091,63.724,b'K4',4670,5.093,4.827,0.3999,0.4006,0.0016,0.0196,-4.8325,-4.8318,0.0018,1.471,1.473,0.006,0.074,337.31348,-30.01841,6614285855300051968
326,HD 213240,3,2,5,153,b'2005-05-22T09:39:22.170',b'2005-05-27T09:26:50.218',6.804,0.601,24.439,b'F9',5982,4.119,0.859,0.1466,0.1466,0.0006,0.0008,-5.0698,-5.0696,0.0049,0.852,0.852,0.01,0.013,337.75153,-49.43327,6517058790835772416
327,HD 213575,24,22,3324,154,b'2003-10-27T01:42:44.517',b'2012-12-02T00:56:12.507',6.949,0.671,26.726,b'G4',5671,10.722,6.184,0.152,0.1523,0.0006,0.0015,-5.083,-5.0806,0.0046,0.826,0.831,0.009,0.02,338.14192,-6.46718,2622929144618856960
328,HD 213628,45,38,3933,118,b'2003-12-13T01:36:56.052',b'2015-07-19T08:43:19.121',7.794,0.719,29.804,b'G7',5555,6.153,1.532,0.1727,0.1717,0.0008,0.0043,-4.9824,-4.9872,0.004,1.041,1.03,0.01,0.052,338.37785,-35.44455,6597043794989308928
329,HD 213941,29,26,2218,140,b'2003-10-30T01:52:59.171',b'2009-11-25T01:35:59.254',7.575,0.668,31.584,b'G7',5532,0.019,0.001,0.1812,0.1815,0.0007,0.0028,-4.9107,-4.909,0.0033,1.228,1.233,0.009,0.038,339.0321,-54.61062,6506893771477045248
330,HD 214385,23,23,3266,122,b'2003-12-15T01:23:15.040',b'2012-11-23T01:33:59.780',7.883,0.637,27.264,b'G5',5654,12.722,3.829,0.177,0.1763,0.0008,0.0033,-4.9082,-4.9117,0.004,1.235,1.225,0.011,0.049,339.54592,-27.44344,6621026789291266048
331,HD 214759,56,37,4838,142,b'2004-08-12T06:08:10.111',b'2017-11-10T02:46:36.670',7.407,0.788,37.54,b'G8',5461,3.384,2.636,0.1654,0.1678,0.0008,0.0085,-5.0413,-5.03,0.0037,0.909,0.933,0.008,0.086,340.22988,-31.99006,6606890608810807296
332,HD 214998,2,2,2187,40,b'2004-07-18T08:14:16.359',b'2010-07-14T08:03:34.594',9.58,1.038,25.014,b'K4',4687,6.616,5.328,0.6497,0.6504,0.0055,0.0526,-4.5402,-4.5398,0.0038,2.883,2.886,0.025,0.241,340.57198,-5.73312,2623780059244153856
333,HD 215152,375,320,4671,112,b'2003-12-15T01:40:35.412',b'2016-09-28T05:27:25.004',8.121,0.97,46.273,b'K3',4803,7.814,5.336,0.2708,0.2713,0.0012,0.0257,-4.8609,-4.8599,0.0022,1.378,1.381,0.007,0.148,340.83876,-6.40082,2623505219992303104
334,HD 215257,37,33,1700,118,b'2003-11-04T01:56:44.575',b'2008-06-30T09:26:55.930',7.409,0.515,22.969,b'F9',6052,11.282,2.516,0.1682,0.1681,0.0008,0.0017,-4.8263,-4.8272,0.0043,1.492,1.489,0.015,0.031,340.96133,3.88684,2704678521338820096
335,HD 215456,267,140,4946,178,b'2003-10-25T01:30:11.924',b'2017-05-10T08:31:10.388',6.622,0.633,25.22,b'G2',5789,7.531,1.652,0.1495,0.1494,0.0006,0.0014,-5.1295,-5.1311,0.0049,0.742,0.739,0.008,0.02,341.53348,-48.97882,6514371309538745344
336,HD 215497,117,29,1222,63,b'2004-10-09T02:39:46.396',b'2009-11-07T01:30:06.488',8.948,0.949,24.634,b'K2',5003,5.986,5.09,0.1739,0.1746,0.0016,0.0095,-5.0719,-5.0695,0.005,0.847,0.852,0.01,0.059,341.65314,-56.59954,6504232472302121984
337,HD 215722,3,1,1,50,b'2004-07-18T08:28:05.328',b'2013-08-18T08:30:28.638',10.031,1.17,24.631,b'K4',4621,5.294,4.621,0.8158,0.8158,0.0054,0.0,-4.6415,-4.6415,0.0029,2.283,2.283,0.015,0.0,341.88107,-24.56033,6623341982821959680
338,HD 216530,2,1,1,46,b'2010-09-23T07:05:40.502',b'2013-08-18T09:04:38.423',9.939,0.965,21.61,b'  ',0,0.0,0.0,0.7884,0.7884,0.0055,0.0,0.0,0.0,0.0,0.0,0.0,0.0,0.0,343.57237,-43.01035,6541360574788758528
339,HD 216770,91,47,5385,109,b'2003-10-28T02:02:00.879',b'2018-07-26T09:32:50.819',8.115,0.823,27.247,b'G8',5424,3.839,3.256,0.1858,0.1865,0.0008,0.0088,-4.9673,-4.9645,0.0031,1.078,1.085,0.008,0.08,343.97378,-26.65876,6610107504955838464
340,HD 216777,23,23,3270,117,b'2003-10-28T02:22:29.644',b'2012-10-10T02:31:52.002',8.034,0.668,27.732,b'G6',5623,12.444,1.766,0.1754,0.1753,0.0008,0.0017,-4.9392,-4.9399,0.0041,1.15,1.148,0.011,0.023,343.95824,-7.82261,2610488514148352000
341,HD 217343,26,12,2727,130,b'2009-06-04T08:47:26.237',b'2016-11-21T02:37:17.878',7.458,0.651,31.467,b'G0',5955,0.73,0.742,0.473,0.4717,0.0009,0.0153,-4.2665,-4.2679,0.0011,5.414,5.396,0.013,0.217,345.08036,-26.15375,2382711653818308096
342,HD 218249,23,19,3310,63,b'2003-10-31T02:47:24.710',b'2012-11-28T00:16:18.372',9.326,0.878,26.057,b'K2',4956,9.999,7.818,0.2115,0.2081,0.0017,0.0102,-4.9144,-4.9239,0.0047,1.218,1.192,0.013,0.079,346.63523,-0.19614,2651240950559225856
343,HD 218396,169,16,3667,117,b'2006-11-07T00:17:09.197',b'2017-06-02T10:47:45.799',5.967,0.258,24.218,b'  ',0,0.0,0.0,0.3033,0.3029,0.0012,0.0029,0.0,0.0,0.0,0.0,0.0,0.0,0.0,346.86965,21.13425,2832463659640296960
344,HD 218572,6,6,1352,93,b'2003-10-31T03:31:56.722',b'2007-07-14T08:03:26.385',8.704,1.004,47.509,b'K3',4785,4.399,4.439,0.4412,0.4476,0.0021,0.0147,-4.6699,-4.6632,0.0022,2.138,2.172,0.011,0.075,347.58571,-68.8389,6387649914378668032
345,HD 218693,2,1,1,37,b'2004-05-21T10:07:00.319',b'2004-10-12T02:43:06.083',9.538,0.916,21.034,b'K2',5079,3.173,3.433,0.5357,0.5357,0.0048,0.0,-4.4716,-4.4716,0.0042,3.376,3.376,0.033,0.0,347.66063,-45.45659,6539943647899014144
346,HD 218750,10,3,30,45,b'2004-09-19T03:40:30.107',b'2013-10-29T03:03:48.525',9.235,0.875,20.18,b'K2',5063,9.659,5.706,0.1872,0.1842,0.0018,0.0082,-4.9857,-4.9957,0.0059,1.034,1.01,0.014,0.064,347.75637,-50.96844,6502498542464727040
347,HD 219077,33,23,3271,169,b'2003-10-25T01:50:31.969',b'2012-10-08T04:20:13.441',6.117,0.786,34.234,b'G9',5362,8.708,0.025,0.1462,0.146,0.0006,0.0014,-5.144,-5.1452,0.0038,0.718,0.716,0.006,0.015,348.52745,-62.7,6489771832811809792
348,HD 219249,21,21,2901,128,b'2003-10-29T01:27:50.553',b'2011-10-08T04:58:05.061',7.956,0.694,32.658,b'G8',5482,12.584,4.855,0.1826,0.1836,0.0008,0.0038,-4.9209,-4.9163,0.0036,1.2,1.213,0.01,0.049,348.79034,-56.72922,6493004500076965888
349,HD 219482,34,15,1965,202,b'2005-08-20T04:03:43.614',b'2011-01-06T01:13:14.724',5.644,0.522,48.876,b'F5',6547,0.0,0.0,0.2987,0.3013,0.0006,0.008,-4.4136,-4.4083,0.0013,3.859,3.906,0.011,0.148,349.24036,-62.0012,6489909443564308480
350,HD 219495,8,1,1,42,b'2006-08-29T05:26:34.455',b'2013-06-25T08:41:04.141',9.018,1.129,35.134,b'K3',4787,4.606,4.548,1.0851,1.0851,0.0068,0.0,-4.451,-4.451,0.0027,3.54,3.54,0.022,0.0,349.32232,-66.9379,6388327179181380608
351,HD 220256,26,24,3680,99,b'2003-10-29T00:39:16.698',b'2013-11-25T00:49:33.895',8.561,0.853,29.123,b'K2',5090,0.308,0.892,0.1718,0.172,0.001,0.0039,-5.0316,-5.0308,0.0037,0.93,0.932,0.008,0.033,350.59909,-0.41487,2644804409490009600
352,HD 220339,35,34,4430,129,b'2003-10-29T00:57:53.951',b'2015-12-15T00:24:09.236',7.811,0.885,52.131,b'K3',4938,8.014,11.545,0.2479,0.2517,0.0011,0.0192,-4.8295,-4.8213,0.0024,1.481,1.509,0.008,0.146,350.7704,-10.76424,2436812303124645376
353,HD 220367,27,24,3267,149,b'2003-10-29T01:44:57.926',b'2012-10-08T04:03:24.240',6.865,0.536,24.432,b'F8',6128,6.132,1.232,0.1576,0.1573,0.0006,0.0015,-4.9148,-4.9167,0.0041,1.217,1.211,0.012,0.028,351.07845,-72.1652,6380683992820388864
354,HD 220507,210,200,5109,142,b'2003-10-29T01:59:31.136',b'2017-10-24T04:33:39.837',7.575,0.687,23.077,b'G4',5698,10.33,1.739,0.1542,0.1543,0.0007,0.0018,-5.0751,-5.0747,0.0049,0.841,0.842,0.01,0.023,351.17548,-52.70188,6501182220888039424
355,HD 221356,45,33,4285,242,b'2003-10-25T02:05:59.520',b'2015-07-19T09:42:09.403',6.516,0.537,38.514,b'F8',6112,2.781,1.335,0.1643,0.1642,0.0006,0.0009,-4.875,-4.8755,0.0033,1.333,1.332,0.01,0.016,352.88126,-4.0874,2633449134434619904
356,HD 221420,74,31,4425,174,b'2003-10-25T02:21:48.561',b'2015-12-06T00:57:32.385',5.813,0.679,32.083,b'G1',5847,3.717,1.096,0.1344,0.135,0.0006,0.0019,-5.2826,-5.2771,0.0063,0.522,0.528,0.008,0.024,353.33158,-77.38533,6353376831270493184
357,HD 221575,29,19,3183,77,b'2008-09-15T03:56:27.789',b'2017-06-03T08:43:10.763',8.809,0.89,29.407,b'K2',5054,4.597,4.21,0.5545,0.5591,0.0022,0.0223,-4.4252,-4.4212,0.0019,3.757,3.791,0.016,0.166,353.34928,-12.66462,2433113374210098176
358,HD 221627,7,5,8,224,b'2005-11-27T01:08:12.446',b'2005-12-06T00:30:57.868',6.815,0.668,20.54,b'G1',5849,4.084,1.027,0.1405,0.1405,0.0006,0.0004,-5.2215,-5.2219,0.0054,0.601,0.6,0.007,0.005,353.39498,17.81883,2820870374678607872
359,HD 222237,54,43,4433,153,b'2003-10-28T01:48:02.689',b'2015-12-17T01:57:21.204',7.109,0.996,87.331,b'K4',4722,6.949,4.942,0.2589,0.2526,0.001,0.0217,-4.9107,-4.9226,0.0018,1.228,1.195,0.005,0.115,354.90578,-72.72215,6380214844952702976
360,HD 222335,52,41,5328,170,b'2003-10-25T03:09:19.355',b'2018-05-27T10:08:56.496',7.186,0.804,54.789,b'K0',5271,5.373,3.874,0.2453,0.2427,0.0008,0.017,-4.7775,-4.7841,0.0021,1.669,1.644,0.008,0.163,354.96378,-32.74341,2324785228033780736
361,HD 222422,7,7,2113,139,b'2003-10-28T02:40:13.867',b'2009-08-10T06:34:02.732',7.607,0.737,38.054,b'G8',5475,3.122,1.669,0.226,0.226,0.0008,0.0052,-4.7861,-4.7861,0.0024,1.637,1.636,0.009,0.06,355.15772,-18.98889,2390702771185162240
362,HD 222582,47,25,3419,151,b'2004-07-16T08:44:44.518',b'2013-11-25T01:07:33.651',7.66,0.641,23.691,b'G2',5779,8.085,1.48,0.1631,0.1629,0.0007,0.002,-4.9887,-4.9899,0.0042,1.026,1.024,0.01,0.029,355.46471,-5.98576,2440578577126302208
363,HD 222595,34,28,1687,134,b'2003-12-14T01:36:17.432',b'2008-07-27T09:36:02.257',7.98,0.7,26.39,b'G5',5648,3.01,1.102,0.2035,0.2106,0.0008,0.0164,-4.8378,-4.8117,0.003,1.453,1.543,0.01,0.207,355.55275,-53.42332,6498197630933904384
364,HD 222669,73,66,4360,127,b'2003-12-17T01:50:30.670',b'2016-10-06T02:58:04.748',7.646,0.596,25.066,b'G1',5894,2.083,0.72,0.1833,0.1835,0.0008,0.0043,-4.8387,-4.8376,0.0038,1.45,1.454,0.013,0.068,355.98901,-82.5085,6350283492745097216
365,HD 222721,3,1,1,38,b'2006-08-28T05:57:55.696',b'2014-12-05T03:08:37.120',9.008,0.729,20.654,b'G9',5361,9.36,12.524,0.1658,0.1658,0.0018,0.0,-5.0228,-5.0228,0.0099,0.949,0.949,0.022,0.0,355.79132,-12.21894,2432640549850299904
366,HD 223121,27,22,3241,64,b'2003-12-17T00:40:52.373',b'2012-10-31T04:07:48.793',9.357,0.936,21.694,b'K2',4958,8.347,5.193,0.2651,0.2613,0.002,0.0241,-4.8375,-4.8449,0.0038,1.454,1.429,0.013,0.156,356.73249,-31.98181,2326210435622356992
367,HD 223171,260,131,5327,197,b'2003-10-25T03:27:38.058',b'2018-05-26T08:18:21.323',6.881,0.656,24.155,b'G1',5841,6.591,1.679,0.1585,0.1592,0.0006,0.0032,-5.0287,-5.0245,0.0042,0.936,0.945,0.009,0.044,356.83678,-48.27559,6524024506237593600
368,HD 223282,25,23,3270,86,b'2003-10-27T02:30:13.342',b'2012-10-09T04:07:00.409',8.641,0.763,27.092,b'G9',5328,12.286,4.031,0.2291,0.2278,0.0011,0.0069,-4.7937,-4.7973,0.0033,1.608,1.595,0.012,0.074,357.08885,-27.8975,2328303768321981952
369,HD 224228,35,15,2815,92,b'2009-09-18T06:09:16.810',b'2017-06-03T10:20:09.778',8.242,0.974,45.606,b'K2',4985,4.163,4.168,0.7316,0.7589,0.002,0.0362,-4.3989,-4.3822,0.0013,3.991,4.147,0.012,0.207,359.04447,-39.05234,2307132568850132992
370,HD 224393,25,23,3351,94,b'2003-10-27T02:50:52.077',b'2012-12-29T00:52:26.563',8.201,0.61,24.301,b'G2',5774,7.259,1.15,0.1849,0.1876,0.0009,0.0069,-4.8447,-4.832,0.0045,1.43,1.472,0.015,0.108,359.39769,-65.77556,6485226795340143616
371,HD 224432,3,2,2,34,b'2004-10-29T02:12:52.316',b'2016-07-15T10:25:29.280',9.964,0.998,20.867,b'K4',4724,6.854,5.375,0.5889,0.5881,0.0054,0.0105,-4.5296,-4.5302,0.0042,2.954,2.95,0.029,0.055,359.47989,-7.09267,2442278696981886976
372,HD 224619,33,30,4805,162,b'2003-10-27T03:11:06.241',b'2016-12-22T02:14:09.310',7.471,0.741,38.131,b'G8',5436,12.439,5.1,0.1729,0.1732,0.0007,0.0023,-4.9908,-4.9897,0.0035,1.021,1.024,0.008,0.027,359.86847,-20.03471,2341817487782612480
373,HD 224789,38,36,4766,102,b'2003-12-11T00:53:03.271',b'2016-12-28T01:59:26.954',8.266,0.862,34.085,b'K1',5185,4.38,3.902,0.5224,0.5226,0.0019,0.0206,-4.4233,-4.423,0.0018,3.773,3.776,0.016,0.168,0.168,-69.67597,4703237305087371264
374,HD 285252,4,4,3613,42,b'2004-12-24T04:22:25.833',b'2014-11-15T02:01:10.040',8.956,0.883,24.399,b'K2',5022,6.714,5.225,0.5631,0.5558,0.0042,0.0173,-4.4101,-4.4163,0.0036,3.89,3.834,0.032,0.132,58.77709,16.99848,43538293935879680
375,HD 290038,24,10,3688,45,b'2003-10-31T08:12:52.257',b'2017-11-13T07:08:38.197',9.511,0.922,21.561,b'K3',4914,7.266,5.216,0.3221,0.3088,0.0029,0.023,-4.7256,-4.7467,0.0045,1.881,1.792,0.019,0.155,77.9032,-1.85567,3214911358975410176
376,HD 297396,104,24,4629,41,b'2004-01-27T06:40:46.568',b'2018-03-26T02:53:06.684',10.213,1.12,21.589,b'K4',4622,5.12,4.78,0.4876,0.4672,0.0043,0.0416,-4.787,-4.8059,0.0039,1.633,1.563,0.015,0.142,139.20116,-49.30135,5325767388444756992
377,HD 299896,32,21,436,38,b'2004-01-27T06:32:20.571',b'2005-04-29T00:28:31.675',9.541,1.032,24.488,b'K3',4893,3.759,3.907,0.6563,0.6598,0.0076,0.0238,-4.527,-4.5246,0.0052,2.972,2.988,0.036,0.111,137.79192,-55.03152,5311011770618920960
378,HD 309701,8,2,733,37,b'2004-02-12T06:17:24.545',b'2013-04-29T03:53:04.596',9.904,0.983,23.701,b'K3',4814,5.112,4.628,0.4636,0.4628,0.0044,0.003,-4.6197,-4.6204,0.0044,2.401,2.396,0.024,0.017,145.20293,-62.89122,5250675107960233984
379,HD 326267,5,1,1,39,b'2005-04-27T08:50:56.609',b'2017-05-09T05:13:56.141',10.056,1.093,25.039,b'K4',4597,5.595,4.902,0.3852,0.3852,0.0041,0.0,-4.8519,-4.8519,0.0047,1.406,1.406,0.015,0.0,252.70414,-43.78687,5964441012608791552
380,HD 330075,48,13,2916,60,b'2004-02-12T09:12:27.078',b'2015-04-14T08:03:18.199',9.354,0.933,22.047,b'K2',4958,8.719,4.925,0.2032,0.2022,0.0015,0.021,-4.9751,-4.9777,0.0041,1.059,1.053,0.01,0.137,237.40706,-49.96352,5982775854377691136
