,star_name,gaiadr3,HD,logRHK
0,TIC 267083739,4703237305087371264,224789,-4.510
1,TIC 258866681,2848150288954631168,225261,-4.970
2,TIC 327857952,4706630501049679872,55,-4.840
3,TIC 439949948,386653747925624576,38,
4,TIC 238432056,2860924621205256704,166,-4.353
5,TIC 289624436,2417456431710276096,361,-4.770
6,TIC 357370384,2772804845911842816,,
7,TIC 437739969,2856765684112654336,,
8,TIC 201293664,4918476567469050880,870,-4.720
9,TIC 290543478,4634528720388462592,1237,-4.408
10,TIC 352179145,383426372059603712,,
11,TIC 12880347,2423292879948720128,1388,-4.965
12,TIC 194531699,379582273249916416,1562,-4.870
13,TIC 184281898,2423493369021649920,1835,-4.441
14,TIC 246852823,2322574488107786752,2025,-4.870
15,TIC 281498595,4923433303326992384,2071,-4.875
16,TIC 428735585,537767121355864448,,
17,TIC 191204685,381634580422627584,3141,-4.970
18,TIC 425940518,4900637266186106880,3222,-5.020
19,TIC 20926643,2347427402266219008,3795,-5.074
20,TIC 251883728,5006921282807193600,,
21,TIC 267803418,362082308742525824,,
22,TIC 234501204,4708607629114651648,4308,-4.923
23,TIC 257392565,2549518150551364608,4256,-4.925
24,TIC 183564258,4986970575602213888,4378,-4.680
25,TIC 369395755,2348830516542653952,4747,-4.745
26,TIC 281764250,4921063993207393280,4838,-4.410
27,TIC 333606239,2525514785221197824,4915,-4.835
28,TIC 435874566,2788907296779604992,4913,-4.640
29,TIC 312545623,424422281584852352,,
30,TIC 28053245,2349206308999273984,4967,-4.570
31,TIC 66409287,5031808453624044544,5133,-4.625
32,TIC 13961725,2804011562888218112,5294,
33,TIC 351961693,532855499837123584,5351,-4.910
34,TIC 234517584,4710180171260274688,5633,-4.680
35,TIC 379166346,532870034006715264,5996,-4.340
36,TIC 326105628,5034869184758130688,6378,-4.620
37,TIC 15611379,306637167168935168,,
38,TIC 384882785,2783518212334778880,6440,-4.690
39,TIC 402028045,4928317368337018880,6673,-4.880
40,TIC 52626846,523433578540463488,,
41,TIC 67583849,5027726757224514560,,
42,TIC 243187830,2791782794564103680,6660,-4.640
43,TIC 408251015,2784924659505377280,,
44,TIC 196692982,373208954099200768,6963,-4.630
45,TIC 11518255,5040737312674978816,7279,-4.600
46,TIC 439410069,2468730472844294144,7661,-4.410
47,TIC 196841006,373349657227961472,7590,-4.457
48,TIC 248387672,2531792756096759296,7727,-4.940
49,TIC 248391508,2533723670313664000,7895,-4.710
50,TIC 420658458,565471721996476160,,
51,TIC 468723402,560130775546153344,7924,-4.830
52,TIC 411629521,2786115533677290496,8262,-4.925
53,TIC 140461242,5016175391142088704,,
54,TIC 32550429,2456361448068627456,8389,-5.020
55,TIC 381316671,288781167053300480,8997,-4.450
56,TIC 55857787,5038817840251308032,9540,-4.600
57,TIC 29900813,2477815222028038144,10008,-4.397
58,TIC 346923890,2585856120791459840,9986,-4.875
59,TIC 327349605,350664155368182656,10086,-4.605
60,TIC 231005905,4911306239828325376,10360,-4.795
61,TIC 229137615,4912580642524184576,10647,-4.680
62,TIC 88775119,2575383100738086912,10853,-4.390
63,TIC 20931913,305334280250112896,11007,
64,TIC 26895191,302447890428345088,11130,-5.060
65,TIC 266680951,5134635708766251008,11507,-4.550
66,TIC 302618307,518458597663391744,11373,-4.410
67,TIC 231861553,4714571105305843712,12058,-4.420
68,TIC 284013790,304991163902854784,12051,-5.035
69,TIC 257500724,5147846340974080000,12786,-4.410
70,TIC 63468501,301230078221434880,,
71,TIC 357744191,522135261462534528,12800,
72,TIC 290172418,5144740907820132352,,
73,TIC 220017951,4937000898856156160,13445,-4.697
74,TIC 70514365,4968258979345754112,13513,-4.700
75,TIC 220022156,4743692151804240896,13808,-4.970
76,TIC 302411994,5143621433184275456,,
77,TIC 184735829,333106054183616000,13507,-4.465
78,TIC 268804174,5124636303346779136,,
79,TIC 184737443,333053037107550080,13531,-4.395
80,TIC 332819192,2493069773336749056,13789,-4.420
81,TIC 118295030,101309452355657216,13825,-4.920
82,TIC 379603165,520377795206114688,13579,-4.670
83,TIC 632519156,5143341366956993536,14001,-4.530
84,TIC 301092256,455517325107520256,,
85,TIC 408130762,2486984045196486656,14635,-4.470
86,TIC 66574369,5145956864601439232,15767,-4.510
87,TIC 238870740,4644127147661088768,16348,-4.600
88,TIC 142206123,4946938113149426688,16157,-3.940
89,TIC 64070385,5125414998097353728,16270,-4.400
90,TIC 35722731,2495442626804315136,16287,-4.390
91,TIC 318753380,2501948402746099712,,
92,TIC 166853853,4745373133284418560,17051,-4.598
93,TIC 142299854,4753355209745021952,17155,-5.010
94,TIC 70964316,3175952638346424832,,
95,TIC 436862182,114575472461716864,17190,-4.870
96,TIC 387422624,25488745411919360,17230,-4.660
97,TIC 204614039,5077642283022423040,,
98,TIC 397367857,128685947561889920,,
99,TIC 397368422,114832620743735808,17382,-4.460
100,TIC 218291131,33439176553394048,17660,-4.510
101,TIC 178170409,5052007684818274304,17970,-5.055
102,TIC 178199109,5049234888291201024,18168,-4.380
103,TIC 257918985,34959010860789632,18144,-4.825
104,TIC 436933290,116037371954842240,18143,-5.025
105,TIC 387609654,8479094371605632,18632,-4.310
106,TIC 34691643,115311458058061440,18803,-4.810
107,TIC 286636275,466294295706341760,18757,-4.995
108,TIC 220571983,4723578819956587520,19819,-4.600
109,TIC 88479531,5074705521824867328,,
110,TIC 88479529,5074705624904081408,,
111,TIC 88481300,5074588389476852736,19632,-4.438
112,TIC 88533834,5073448642595675136,20280,-4.530
113,TIC 365441779,14163878724940672,20165,-4.857
114,TIC 153027837,4847282124418880512,20407,-4.730
115,TIC 101349357,122704230645584768,20367,-4.500
116,TIC 101407846,125190054638221696,,
117,TIC 279069526,3261878613062758400,20619,-4.770
118,TIC 259248295,443016706832479488,232781,-4.580
119,TIC 142866751,5055285363339907072,21021,-4.920
120,TIC 200781247,4737533134341791744,,
121,TIC 200781244,4737533237421005824,21209,-4.790
122,TIC 385109163,241393040535105280,,
123,TIC 160004049,4852870701505116160,21175,-4.695
124,TIC 279182339,5170039467784804352,21197,-4.610
125,TIC 142875660,5056511692465250304,21411,-4.780
126,TIC 279741379,4673947174316727296,21749,-4.680
127,TIC 200851505,4833654227548585984,22496,-4.570
128,TIC 301564622,3250489115709122560,22879,-4.920
129,TIC 100993643,4833306713154584576,,
130,TIC 457140535,3271668905115228672,,
131,TIC 89148220,5085376076015097856,,
132,TIC 155776776,5114240352186781696,,
133,TIC 434136640,43335880716390784,,
134,TIC 121025936,5107106033552702464,23356,-4.750
135,TIC 129887847,4856592239127350272,23484,-4.443
136,TIC 434138790,36590651757883392,,
137,TIC 201242997,231113740685855616,23439,-5.085
138,TIC 85623041,493650660400463488,23189,-4.940
139,TIC 101101072,4842581574771373056,24331,-4.900
140,TIC 440702883,64085383120724864,24206,-4.770
141,TIC 242942985,43499295632961152,24496,-4.825
142,TIC 55440009,3244915072792668160,,
143,TIC 393194318,474648763011926272,24238,-5.000
144,TIC 140206488,4843073709303881728,25004,-4.410
145,TIC 49934959,3256334497479304704,24916,-4.410
146,TIC 38425450,4679878730311238656,25874,-4.923
147,TIC 15736408,53112944270520832,25680,-4.523
148,TIC 178351350,5091077112524265472,,
149,TIC 38469670,4675955810263106560,26491,-4.890
150,TIC 358289822,4681579571719845888,,
151,TIC 353257675,225668203191521280,25998,-4.448
152,TIC 467729221,170639948323693952,281621,
153,TIC 102718782,493935296471302784,25665,-4.740
154,TIC 102806077,494177257749671936,,
155,TIC 103224787,551239506048106880,26018,
156,TIC 283792891,3285218255623808512,26913,-4.390
157,TIC 372438484,469486109244322176,26581,
158,TIC 219234564,4780166972587269120,27274,-4.855
159,TIC 347423833,177425034575534464,26900,-4.480
160,TIC 168873517,4869267924568297472,,
161,TIC 358290717,4775347916201249792,28255,-4.883
162,TIC 27936849,257134507991047936,28005,-5.070
163,TIC 449098466,3278753264691218432,,
164,TIC 452785002,3282511876473223680,28946,-4.805
165,TIC 301083272,4791496409119238144,29220,-4.460
166,TIC 170766454,4867596937475716096,29231,-4.727
167,TIC 125838647,151650076838458112,283750,-3.950
168,TIC 118820774,3411339626674506752,29697,-3.960
169,TIC 391095065,204358907633155840,29587,-4.845
170,TIC 220412945,4777373903814123520,30278,-4.945
171,TIC 125918626,154660191781205120,29883,
172,TIC 259539733,4784805056230587392,30501,-4.675
173,TIC 167485954,3181588219554237440,30523,-4.350
174,TIC 176379354,3188395880157173248,30562,-5.073
175,TIC 114921859,3173510176346843136,,
176,TIC 685301469,4777123627479193600,31027,-4.875
177,TIC 1271818,4866978844438657024,30876,-4.530
178,TIC 66320112,478737331356716800,,
179,TIC 1275381,4866887138297036800,31143,-4.830
180,TIC 18872464,3413174741644826112,30973,-4.520
181,TIC 120853136,198228619207418752,31000,-4.420
182,TIC 1334907,4824866896260056064,31392,-4.725
183,TIC 682491,4879850208590380032,31560,-4.620
184,TIC 452763353,3231945508509506048,,
185,TIC 220473309,4764027962957023232,,
186,TIC 303676299,3391737292854785024,32237,
187,TIC 220476607,4764556724971292672,32778,-4.840
188,TIC 219367750,4785713458992582656,32743,-4.440
189,TIC 381949148,4763897739549071360,,
190,TIC 284794221,3290765291786058752,33021,-5.100
191,TIC 262300150,3238810137558836224,33636,-4.865
192,TIC 43866397,3182634954624823296,33725,-4.865
193,TIC 187586126,201140400878588544,277656,
194,TIC 187679739,187247281185703296,33632,-4.810
195,TIC 454183305,3233691292456404992,290054,-4.750
196,TIC 408191403,2962193318618003456,34751,-4.570
197,TIC 408190069,2981583790287411200,34721,-4.975
198,TIC 672129447,3213958769589070848,34673,-4.670
199,TIC 442893646,2983256662869643776,34865,-4.390
200,TIC 47345026,3394298532176345088,35171,-4.340
201,TIC 167756732,4819591920506512384,35650,-4.210
202,TIC 24398701,2904830113367963136,35854,-4.835
203,TIC 94945758,3009908378049913344,35850,-4.125
204,TIC 149176305,4759543295545939968,36435,-4.440
205,TIC 50587969,3210731015768095744,36003,-4.950
206,TIC 149248196,4660766641264344064,36705,-3.820
207,TIC 92988866,2963680098856000000,37065,-4.820
208,TIC 290716990,4795596831576255488,,
209,TIC 290716988,4795598309045006336,37572,-4.135
210,TIC 261136679,4623036865373793280,39091,-4.890
211,TIC 220616719,4796263715442782208,37706,-4.805
212,TIC 144516963,4809292588930619392,,
213,TIC 416882160,263696736979837312,37216,-4.500
214,TIC 46686960,2972016080621222400,37986,-4.990
215,TIC 93281916,2966790170574625280,38382,-4.920
216,TIC 389506883,4657193606465369088,39194,-5.050
217,TIC 70658312,283569928616960768,,
218,TIC 426400173,3456337827237371392,38230,-4.993
219,TIC 231824922,4768170579173553152,38973,-4.910
220,TIC 66653445,3010782833390635008,,
221,TIC 176521059,3023711269067191296,38858,-4.893
222,TIC 281913005,3315907411861516288,39715,-4.670
223,TIC 160301039,2966316109264051200,39855,-4.870
224,TIC 39543054,3022685626580347392,40397,-4.965
225,TIC 429438609,3423169272278001664,250268,
226,TIC 158111564,5567900121118276608,41700,-4.360
227,TIC 260043481,5494452847462040576,42286,-4.930
228,TIC 400316888,3453257133093515776,41330,-5.003
229,TIC 150098542,5480937375656689664,42505,-4.510
230,TIC 468828186,1105408965770145920,,
231,TIC 153289168,3319126988068404224,42618,
232,TIC 339551974,1007904858732031104,,
233,TIC 124494439,2913411183149615616,43162,
234,TIC 468874310,1107458592882148096,42250,
235,TIC 59545062,3369088315397964800,43947,-4.950
236,TIC 238949177,5553647083168192512,44594,-4.940
237,TIC 265811235,3124542635730704896,288595,
238,TIC 60175114,2937651222655480832,44573,-4.560
239,TIC 150322340,5481848424118749184,45270,-4.320
240,TIC 49669659,2924339469735490560,44821,-4.490
241,TIC 232022864,5569858798004395008,45289,-4.995
242,TIC 49831913,2898239468873596928,45184,-4.907
243,TIC 430173956,3372159045216183296,45088,-4.273
244,TIC 48622550,2899947933845777920,45588,-4.930
245,TIC 144135094,942860190374658688,45391,-4.850
246,TIC 84859050,3432427499483568128,257886,
247,TIC 24952049,3000225425824867328,45977,-4.580
248,TIC 167303382,5279965341800818688,47252,-4.935
249,TIC 147899379,5570642264461521920,,
250,TIC 737712786,5550862879207743488,,
251,TIC 307943195,3352152743956693504,47127,-5.020
252,TIC 375058105,5479782647926975488,,
253,GAIA DR3 5580750457110689408,5580750457110689792,,
254,TIC 333619257,2947463298779960832,48286,-4.710
255,TIC 172734582,2918894859953947648,48938,-4.865
256,TIC 52687259,5584019442620181504,49095,-4.690
257,TIC 240153098,937667952871051776,263175,-4.790
258,TIC 68246758,940226275910700544,,
259,TIC 88228576,1003351437484254464,48948,
260,TIC 281812116,3113219383954556416,49933,
261,TIC 53688090,5609058277323483136,50806,-5.127
262,TIC 58853031,3379989457790428160,51419,-4.850
263,TIC 167814656,5479222240596469760,53143,-4.505
264,TIC 268565917,3101382419728401408,52265,-4.970
265,TIC 14337611,1002898644851988352,,
266,TIC 63571394,2920772722738017792,52698,-4.610
267,TIC 270889166,3153772873178431488,52456,-4.710
268,TIC 125409404,3052753116376444928,52919,-4.630
269,TIC 130645536,5559265690666326016,53705,-4.925
270,TIC 130645531,5559265690666327040,53706,-5.000
271,TIC 91842379,884039857341503616,,
272,TIC 87752739,884951489919636352,53927,-4.870
273,TIC 177524050,3046660035248293888,54359,-4.740
274,TIC 87869692,882872210352301568,54371,-4.350
275,TIC 306658481,3032390401547521024,,
276,TIC 344081664,5505483938387763200,55720,-4.925
277,TIC 101722543,870758684590736896,55458,-5.040
278,TIC 371148289,890234402772937472,56124,-4.900
279,TIC 147794951,1108183342844837888,56168,-4.450
280,TIC 14494641,3163201979956736000,57901,-5.030
281,TIC 291635915,5493588665684619264,59468,-4.947
282,TIC 60847893,3362649918901844480,58781,-5.030
283,TIC 239137106,892215482207937152,,
284,TIC 173673173,5586381090520539136,59967,-4.370
285,TIC 247116238,3165287719154543104,59582,
286,TIC 7131321,3054448838181163520,60491,-4.377
287,TIC 267461550,5492574125690123264,61214,-4.390
288,TIC 65673065,3060788519149063680,,
289,TIC 367587739,989296208547041792,60272,
290,TIC 66100263,3057712223051571200,61606,-4.400
291,TIC 309632151,981900721539947136,,
292,TIC 268181496,5493209501673364480,63008,-4.400
293,TIC 268181483,5493209437253410816,,
294,TIC 266809077,3088637946087230464,,
295,TIC 130181866,875071278432954240,63433,-4.376
296,TIC 128902569,5602386058511578112,,
297,TIC 293253336,670216834655936128,64468,-5.040
298,TIC 289971775,1139252071109797760,62613,-4.855
299,TIC 372914091,5291028181119851520,65907,-4.823
300,TIC 25994436,3083867749248355328,65277,-4.940
301,TIC 129997166,5698188160215537664,65486,-4.490
302,TIC 152160824,5545537291566200832,65721,-4.740
303,TIC 171523537,876370076542359936,65583,-4.973
304,TIC 306735869,5274724279107404800,67199,-4.713
305,TIC 139196106,905437831085898752,,
306,TIC 154234114,5596797039059063808,67458,-4.927
307,TIC 422142487,5725122999630403584,68146,-4.870
308,TIC 252994598,935525039066950528,,
309,TIC 125247681,5726415887862018048,,
310,TIC 145972795,5548164986925168640,68978,-4.890
311,TIC 27679101,650337664425397632,68834,-4.450
312,TIC 286069970,5320952798822551552,69655,-4.853
313,TIC 139346470,708608825759209088,,
314,TIC 455179026,3089675232224087040,,
315,TIC 183356952,5540006949934104576,70642,-4.897
316,TIC 27304566,918107434852949888,71148,-4.905
317,TIC 73395090,1090049716041842816,,
318,TIC 393844873,5640565607657897984,72673,-4.943
319,TIC 121286109,3073562610873679872,72760,-4.370
320,TIC 99059026,914988876279362560,72614,-4.940
321,TIC 468986279,594989348593414016,72945,-4.870
322,TIC 66189398,3057712188691831808,,
323,TIC 468986285,594989417312890368,72946,-4.550
324,TIC 180664865,5528591961953902592,73524,-4.930
325,TIC 51443167,5755064487956174848,73350,-4.510
326,TIC 458680441,595390807776621824,73512,-4.890
327,TIC 417762326,1092545710514654464,72905,-4.380
328,TIC 443965212,602079652404802688,73667,-4.987
329,TIC 51624556,5755182715519422464,,
330,TIC 20118918,916639586829792640,73554,
331,TIC 285833485,5524815861065006080,74385,-4.695
332,TIC 181273463,5528866839863569408,74576,-4.325
333,TIC 67587993,913325109028988288,74377,-4.920
334,TIC 181741837,5524982093479503872,75289,-4.963
335,TIC 444008058,583108060303234944,,
336,TIC 284898141,716109930305855360,75332,-4.495
337,TIC 459056725,596878550087942528,75767,-4.530
338,TIC 382969293,5317114850417299456,76653,-4.380
339,TIC 188503588,717094512905486976,76218,-4.423
340,TIC 118684311,5704545811310308352,,
341,TIC 203214233,684865658135318144,,
342,TIC 348837162,5730371484020807680,76932,-4.720
343,TIC 437059374,610304720935037184,77175,
344,TIC 1192946,5730445323098531840,77825,-4.350
345,TIC 19976193,5743705394673617920,,
346,TIC 18428158,5624529024402652160,,
347,TIC 35229531,607464716759460480,79096,-4.740
348,TIC 386569405,5300714225746375680,80545,-4.770
349,TIC 290553722,3844124407140189184,80367,-5.040
350,TIC 277533870,5746426720312132608,80632,-4.670
351,TIC 251091428,1019174509319377536,80355,
352,TIC 156817668,812477352773908608,80715,-3.990
353,TIC 198084905,1124490096714712960,80768,
354,TIC 415733167,1144584084028819072,,
355,TIC 341660109,5970189332424492032,,
356,TIC 383188202,3852570413083922944,82106,-4.435
357,TIC 24972344,5630532113072532480,82342,-5.070
358,GAIA DR3 633143119335924736,633143119335924736,,
359,TIC 46907042,5739942011185494016,82558,
360,TIC 172533278,646255212109355136,82443,-4.185
361,TIC 405485269,5691782130578684928,82943,-4.860
362,TIC 91968683,641154096631794432,,
363,TIC 455277453,3846345523708141568,,
364,TIC 35055332,5412947081295025152,85512,-4.900
365,TIC 275251307,3847123707357532672,,
366,TIC 332710428,5686377893489291264,86972,-4.420
367,TIC 115810824,809812274026643328,86856,
368,TIC 26073633,3766401961693098496,87424,-4.445
369,TIC 407591082,747266452000257280,87883,-4.890
370,TIC 841336692,1126456229662509568,,
371,TIC 71094440,5459060117921482752,88742,-4.720
372,TIC 39777146,806000816970521728,89269,-4.915
373,TIC 842453185,3887696579775197184,89906,
374,TIC 193032655,5461620846141552640,90156,-4.937
375,TIC 36841797,3767851972716355584,,
376,TIC 460172511,5252255484155446272,307727,-4.720
377,TIC 392795974,3862361392330264576,90663,-4.910
378,TIC 447283466,5357886734438478848,90884,-4.400
379,TIC 423437103,5475922468760821760,,
380,TIC 416519879,1047559604579391872,90875,
381,TIC 447823435,5357075947709011968,91324,-4.710
382,TIC 115858251,830239138487431808,,
383,TIC 297961458,854769861377131520,,
384,TIC 154717941,1147862174868109184,90343,
385,TIC 188043641,5455707157211785216,92945,-4.325
386,TIC 311659492,832417236660307072,92786,-4.930
387,TIC 54237857,5450573881018550272,93083,-5.020
388,TIC 188087957,5470514142863169536,93380,-4.600
389,TIC 142520224,1128210122507896832,,
390,TIC 365006720,3865002247461685248,94765,-4.440
391,TIC 318339281,831846315248225024,,
392,TIC 353970454,777005625896147072,,
393,TIC 53178075,3789271459953459200,96064,-4.260
394,TIC 23270430,5452492082132836352,96700,-4.923
395,TIC 9377536,764805169996366720,96612,-4.730
396,TIC 77109256,3969552574763799552,96692,-4.940
397,TIC 301560849,3811594088617869312,96937,
398,TIC 9001920,732857558276385664,97101,-4.470
399,TIC 143047975,3566643651231641600,97214,-4.880
400,TIC 20416870,3532823773073745408,97343,-4.987
401,TIC 85335212,761919883981626752,97334,-4.388
402,TIC 425282449,3815264842546968064,97503,
403,TIC 82308728,3997075206232885760,97658,-4.935
404,TIC 901736448,3538007420641336320,97782,-4.880
405,TIC 142591775,1078773262224027648,97584,
406,TIC 151956235,5395795730687102976,97998,-4.830
407,TIC 23556171,3482765551281619456,,
408,TIC 347626733,3561574971346845696,,
409,TIC 38086286,3786697056556771328,98281,-4.940
410,TIC 406781410,788340461203094912,,
411,TIC 17994042,770435567178890624,,
412,TIC 315568090,5237611398000523264,99453,-4.710
413,TIC 363549733,3812355328621651456,99491,-4.840
414,TIC 363549734,3812355294262255104,99492,
415,TIC 363570744,3812756203689026048,,
416,TIC 388799527,3910661735547769344,,
417,TIC 451798625,5342789374661207040,304391,-4.450
418,TIC 100010286,863776987616459392,,
419,TIC 219030952,3966121308211395072,100180,-4.913
420,TIC 57611256,3478127463341507072,100623,-4.867
421,TIC 10113178,767326526253334400,,
422,TIC 393883284,773861400598512512,101177,-4.945
423,TIC 393884636,772395274857111552,101206,
424,TIC 142863308,1057879895596316416,,
425,TIC 397362481,5378886891123024896,101581,-4.700
426,TIC 267399515,5341787994441794560,101930,-5.040
427,TIC 32636530,3480395137355028480,102071,-4.780
428,TIC 5078530,4021079911593673728,,
429,GAIA DR3 773669677553606528,773669677553606528,,
430,TIC 323485429,5332606522595645440,,
431,TIC 397024052,3799626935341796352,102195,-4.430
432,TIC 459800214,791297254127958784,,
433,TIC 144160090,3585636855608873984,102392,-4.750
434,TIC 157324520,3480332916165100032,102438,-4.890
435,TIC 272575844,3975078892003894272,103072,-4.930
436,TIC 138894223,4008018301867182080,,
437,TIC 403799988,3487784718782929920,103836,-4.600
438,TIC 202364222,3975266461816069120,103847,
439,TIC 403802333,3487062064765702144,103932,-4.810
440,TIC 428657118,3492633633781166080,103949,-4.790
441,TIC 428673146,3494677900774838272,104067,-4.690
442,TIC 398269300,3518916943846357504,105065,-4.280
443,TIC 56758194,3698723962986793472,,
444,TIC 21623610,1536064958579187712,105631,-4.640
445,TIC 258322219,6143175840408947712,105671,-4.590
446,TIC 224288693,1575920330941197312,238087,
447,TIC 224289449,1573086442800134144,238090,
448,TIC 99143516,3488911718201071616,106453,-4.545
449,TIC 53580461,1545795533411707904,,
450,TIC 72408098,3946438125929224192,107146,-4.340
451,TIC 328860504,4010201828880794112,,
452,TIC 154220180,1572081660971767552,,
453,TIC 423529214,3515021992624320000,107388,-4.550
454,TIC 284567512,1537992501630402048,107596,
455,TIC 135162188,6149747002930436096,107576,-4.760
456,TIC 377227654,3900151160301345280,107705,-4.815
457,TIC 135165545,6150200345317454848,107692,-4.730
458,TIC 373692318,4015233503327508480,108153,
459,TIC 954240515,4008897773729524224,108421,
460,TIC 368438895,3579784327012046336,108510,-4.775
461,TIC 297025496,3520548825260557312,108564,-4.980
462,TIC 22481324,3517119173615245824,108581,-4.670
463,TIC 952421350,3528362367203258368,108799,-4.400
464,TIC 141249230,1569335115284976128,108954,-4.810
465,TIC 446170645,3949377704625720320,108984,-4.770
466,TIC 326538408,5856411869205581824,109200,-4.957
467,TIC 72814920,6133033601555979264,109409,-5.085
468,TIC 131001807,6158160019228728320,109524,-4.540
469,TIC 224305606,1568610571482444032,109647,-4.450
470,TIC 131117847,6159861925788911616,,
471,TIC 460814512,3934198156329808896,110315,-4.910
472,TIC 99381773,1571411233756646656,110463,-4.450
473,TIC 144511638,6153706477443518464,110619,-4.815
474,TIC 389853353,1521686782461765888,110897,-4.845
475,TIC 419575434,6060965699625586688,110810,-4.400
476,TIC 165732001,1513382308576146944,,
477,TIC 9440488,3498481592531208704,,
478,TIC 9440485,3498481519515679744,111261,-4.650
479,TIC 329649885,5855730584310531072,111232,-5.000
480,TIC 53280272,3689602277083844608,111631,
481,TIC 390692143,3709422000670924288,112099,-4.610
482,TIC 319462683,3626268998574790656,112758,-5.000
483,TIC 229047482,6187271616797377536,113194,-4.670
484,TIC 154874920,1728599752525089280,115675,
485,TIC 198106000,1555608537246020096,113827,
486,TIC 166006341,1468036318743647744,,
487,TIC 381726125,3729017810434416128,114174,-4.945
488,TIC 415843217,3504677100035314688,114260,-4.915
489,TIC 390693415,3732674373792211456,,
490,TIC 124306858,6166971574132849664,114386,-4.835
491,TIC 124403080,6182398370808620032,114747,
492,TIC 157272202,1566224665609504256,115043,-4.447
493,TIC 287609748,6088054505011960832,114853,-4.890
494,TIC 383473544,5765846127180770304,113283,-4.630
495,TIC 373765355,3936909723803146240,115404,-4.508
496,TIC 335636504,3607932305719586816,,
497,TIC 393713800,3712538708114516992,116442,-4.950
498,TIC 393713801,3712538811193759744,116443,-4.965
499,TIC 159190692,1565867461768654336,116956,-4.340
500,TIC 355916910,1665517334465010432,117043,
501,TIC 58465153,6193280031230266368,116858,-4.760
502,TIC 58493240,6193279279612174336,116920,-4.880
503,TIC 71594657,1473439868638815232,117099,
504,TIC 95473936,3740176925743994880,117176,-5.125
505,TIC 378993741,3719665845564967424,117936,-4.600
506,TIC 321439183,1469230212276302080,118096,-4.510
507,TIC 659763,3630092241022731264,118100,-3.980
508,TIC 73494569,1471777269618346240,,
509,TIC 286946484,1558718059209082880,119124,-4.340
510,TIC 101969923,6164998500516763648,118972,-4.398
511,TIC 141816239,1562668432688194560,119332,
512,TIC 61110114,3661492609484469248,119291,-4.560
513,TIC 22903436,1496734362502944512,,
514,TIC 295680935,3633065148665344512,,
515,TIC 390730327,3725115471868588032,119802,-4.500
516,TIC 30175417,6171492113110925312,120036,-4.520
517,TIC 359220741,1451450048399808512,120476,-4.440
518,TIC 437325588,6288325222245417984,120467,-4.750
519,TIC 77549396,3837746380705638400,,
520,TIC 241655722,6065158377962553344,120491,-4.610
521,TIC 219038788,1510834911934401024,234078,-4.440
522,TIC 241682179,6093381604489726976,120780,-4.810
523,TIC 258061897,1451877517904263680,121131,-5.070
524,TIC 395744004,5790016416422917120,120744,-4.930
525,TIC 458457378,1230894097540612096,121560,-4.920
526,TIC 115110801,1250801855073489408,122120,-4.620
527,TIC 308311310,6303961686341505024,124106,-4.625
528,TIC 173106845,1453180404823191040,124642,-4.330
529,TIC 168747453,1505214930047542784,,
530,TIC 413356994,5866992641380992000,125072,-4.920
531,TIC 180030300,6104435819513399296,125595,-4.850
532,TIC 156641715,1284721994948665344,,
533,TIC 127382459,6099000589942631424,,
534,TIC 286992966,1480314599451475712,127506,-4.600
535,TIC 357373129,1605198298364601088,128165,-4.740
536,TIC 311069416,1610729219809525760,128332,
537,TIC 409375180,1287752248996223488,,
538,TIC 16855,6223838830917236736,128356,-4.730
539,TIC 421472503,5848156426657892352,128020,-4.710
540,TIC 186579346,5891531404470141952,128674,-4.907
541,TIC 466493185,6286606170175267840,128987,-4.380
542,TIC 402180616,5793182631952977920,128400,-4.527
543,TIC 345292151,1241547437501423872,,
544,TIC 451366293,5904539176758763520,129642,-5.130
545,TIC 450354414,1185619988280226816,130004,-4.810
546,TIC 219834010,1279838754572750336,130215,-4.510
547,TIC 416612744,1234693112077611008,,
548,TIC 28217499,1294776032353235968,,
549,TIC 1121747913,5848544412516688896,130042,-4.890
550,TIC 129383,6229442835525861376,130992,-4.840
551,TIC 311182515,1265702917689682944,131582,-4.730
552,TIC 161058448,1606148310770764288,132142,-5.015
553,TIC 167121,6225341450996268032,131719,-4.510
554,TIC 309765388,1592338513445876736,132254,-4.980
555,TIC 289074137,5901924435035073536,131923,-4.950
556,TIC 405504412,1614477420588506112,,
557,TIC 334137017,5908246317645043712,,
558,TIC 440887364,6230733559097424896,,
559,TIC 192679501,6313600142709958656,132683,-4.570
560,TIC 257022710,1701045647535157760,,
561,TIC 334644751,5906633952564271104,132648,-4.890
562,TIC 334844739,5906724284318405632,,
563,TIC 460381297,1156846524895814144,,
564,TIC 20204058,1291886309636988416,134044,-4.940
565,TIC 160888288,6003743571137684480,,
566,TIC 454901855,5876112300125320192,134060,-4.965
567,TIC 61397572,6226694571859532800,134987,-5.045
568,TIC 38838329,4418203587193988608,135204,-5.000
569,TIC 38840951,6336170195850218496,,
570,TIC 232563914,1645425614893967872,136064,-5.000
571,TIC 262457542,5798962867668048896,134606,-5.020
572,TIC 461272840,4419140645978988032,135599,-4.550
573,TIC 438893825,6256550916751399936,,
574,TIC 357501308,1272123859439770368,,
575,TIC 136916387,5902750168276592640,136352,-4.920
576,TIC 36981205,6316161317608434688,136713,-4.770
577,TIC 461330181,4420712604009198080,136834,-4.855
578,TIC 345585983,1209182041427374080,136923,-4.780
579,TIC 292206680,6213644846302305280,136894,-4.960
580,TIC 388734737,6213789290343029760,137303,-4.670
581,TIC 392982986,1165859359148269568,,
582,TIC 371228841,4421274729329022464,,
583,TIC 159331746,1720995598827435520,139777,-4.300
584,TIC 159331748,1720995598827437056,139813,-4.400
585,TIC 20997718,4400452830957830656,138763,-4.300
586,TIC 198315173,1603267143629157120,139477,
587,TIC 148817611,1389522392427772416,139323,-4.980
588,TIC 12399528,6260386975385254912,139763,-4.480
589,TIC 179348425,6009538585839374336,140901,-4.707
590,TIC 272595871,4422809716282811904,141272,-4.365
591,TIC 160471808,1703559779655983616,142474,
592,TIC 254877683,5987608379774691328,329879,
593,TIC 446193444,4456127942261895680,,
594,TIC 310137822,1597204161635741952,142626,-4.750
595,TIC 172607904,1191518146611956224,142267,-4.850
596,TIC 24190130,6235558525363302400,142288,-4.700
597,TIC 255263370,5994771148252505088,142709,-4.860
598,TIC 237096607,1647986068237087232,144061,
599,TIC 258177087,1316590033811496960,143291,-5.000
600,TIC 49777149,4343064577465522688,144087,-4.665
601,TIC 49777150,4343064508746082304,144088,-4.615
602,TIC 24089803,1379500756257031680,144579,-4.980
603,TIC 48668374,6244076338858859520,144253,-4.960
604,TIC 24108307,1379416712336909312,144872,-4.715
605,TIC 410994457,4341501106288171008,144585,-5.075
606,TIC 411083824,4341712281239980032,144840,-5.060
607,TIC 361082817,5806825406592132096,144009,-4.843
608,TIC 206828302,5835498883232034816,144628,-4.983
609,TIC 219483057,1385293808145621504,145675,-5.055
610,TIC 119985831,4464207428577214464,145958,-4.945
611,TIC 207556694,5835113573101867008,145417,-5.023
612,TIC 95789856,6035927380304633856,145825,-4.735
613,TIC 17542164,1328866562170960384,146361,-3.720
614,TIC 198160324,1625058605098521600,146868,
615,TIC 17563913,1329936043387566592,,
616,TIC 318628394,4450372376847499776,146413,-4.570
617,TIC 411382868,5935496128485727232,146124,-4.680
618,TIC 17618172,1319438043804452352,146946,-4.800
619,TIC 208538982,5931674608438450176,146464,-4.090
620,TIC 316351116,5941689784906655744,146800,-5.020
621,TIC 39903437,1380821338441693184,,
622,TIC 71960105,4356054757585316864,147512,-4.960
623,TIC 413623346,4329057039841257472,147776,-4.750
624,TIC 223456058,5992208427189627904,147555,-4.690
625,TIC 149796418,4465681461355625984,,
626,TIC 5898974,4431838321653479424,,
627,TIC 318946785,4439625337884135936,148467,
628,TIC 211344776,6025604409224636416,148303,-4.770
629,TIC 362747897,5808612830236138496,147584,-4.545
630,TIC 1205012280,4467355158571184128,148653,-4.550
631,TIC 159511543,1709456705329541632,150706,-4.560
632,TIC 26702488,5930568598406530048,149192,-4.550
633,TIC 57032454,1312589288953960448,149957,-4.630
634,TIC 281738302,4383374219923744768,149806,-4.860
635,TIC 281040489,6024291489270495232,149621,-5.200
636,TIC 222012610,5927236979422123008,149612,-4.833
637,TIC 233438010,5943191236735787008,150248,-4.850
638,TIC 274242146,1412260533408744960,151044,-4.980
639,TIC 230123572,1648568843759668480,151541,-5.020
640,TIC 77929282,5970956070030449664,150689,-4.505
641,TIC 224329387,1314438839310796800,151288,-4.540
642,TIC 57393179,1352483797057853440,,
643,TIC 447427936,5816051339951212544,,
644,TIC 150553840,4559848344443069952,151995,-4.970
645,TIC 230225787,1408664168312177664,,
646,TIC 326927305,4381250547575102464,152391,-4.438
647,TIC 284472488,4448223656247483904,,
648,TIC 115582977,1408029436569383424,153525,-4.460
649,TIC 115582980,1408029509583934464,153557,-4.400
650,TIC 349490623,4571446199250804224,,
651,TIC 447764108,5914366302446170112,153284,-4.660
652,TIC 198562505,1359938520253565952,154345,-4.890
653,TIC 224608312,1437124683199761920,154712,
654,TIC 20856917,6029992663310612480,154088,-4.980
655,TIC 212984956,5938742337829520384,154387,-4.690
656,TIC 198381449,1420000579871414528,155674,
657,TIC 303655974,5914096303621755904,154577,-4.920
658,TIC 198381445,1419999819661235712,,
659,TIC 275037380,1354166805762941184,,
660,TIC 1305321077,4359814881197436928,155802,
661,TIC 188640759,1416124285987232256,156985,
662,TIC 311649327,5801950515627094016,155918,-4.857
663,TIC 59476871,4367026303085396480,157347,-4.995
664,TIC 219880402,1637110042813188608,158633,-4.930
665,TIC 188768068,1416050859226670848,158259,
666,TIC 327860248,4375233191015944192,157881,-4.460
667,TIC 165347984,4111366313257506816,158233,-4.630
668,TIC 270258076,1362295082910131200,159062,-4.960
669,TIC 39464221,1335880415564253184,159222,-4.913
670,TIC 233192934,1651235193817400320,160964,
671,TIC 233196602,1651145102583323136,,
672,TIC 219792161,1440964624481230336,161284,
673,TIC 441804565,1651268763282397184,162004,-4.930
674,TIC 113403971,4041857799496807936,161612,-4.945
675,TIC 6737561,4175058204312300032,162283,
676,TIC 275063206,4576863905365412864,,
677,TIC 325225116,4469644028247872512,,
678,TIC 275218861,4503423641091795968,,
679,TIC 22038430,4604269610637580800,,
680,TIC 158711270,4580864547137360384,163840,-4.950
681,TIC 149397312,694917878769233408,,
682,TIC 158917706,4584639307993378304,164595,-5.000
683,TIC 159019691,4582680493669880832,164922,-5.040
684,TIC 180762527,4590489981163831296,166435,-4.213
685,TIC 21016045,2123090918115438592,,
686,TIC 416117806,2115351387048328704,168009,-5.010
687,TIC 406883293,4497494077967197696,,
688,TIC 365725318,6629790584164277248,167425,-4.580
689,TIC 167913198,4270814637616487936,168442,-4.560
690,TIC 168901705,4276624250897321984,,
691,TIC 160991902,6703245382605547520,168871,-4.925
692,TIC 288603793,2294149672988951552,,
693,TIC 324370520,4051606378878066688,170209,-4.710
694,TIC 320508747,4480017821686413312,170510,
695,TIC 133556737,4270446404294208000,170493,-4.810
696,TIC 186271747,4093301474693288960,170657,-4.675
697,TIC 50226706,4508601275714721280,171067,-4.900
698,TIC 119875474,6651058467639412736,170573,-4.720
699,TIC 258666933,4535144998232287232,171314,
700,TIC 217831699,4154598526336121856,,
701,TIC 47579336,2145277550935525888,234677,-4.030
702,TIC 123097014,2110978521928761856,172393,-4.820
703,TIC 123234496,2117279002732678656,173701,-4.870
704,TIC 226107999,4258375617747092992,173818,
705,TIC 93137389,4503794795019023872,174080,
706,TIC 224431102,4511416609607124480,229590,
707,TIC 226327470,4279461609366875648,174719,
708,TIC 227409000,4281201414717499392,175726,-4.410
709,TIC 20785413,2041085973668754176,176377,-4.830
710,TIC 39554091,4199396753205878784,176986,-4.830
711,TIC 197623112,4307162018124573184,178126,
712,TIC 42705187,2042389925739687936,178450,
713,TIC 390997801,6757523628803771392,178076,-4.500
714,TIC 235682463,2292498687560557056,180777,-4.340
715,TIC 298896136,2132788541955849216,179957,-5.030
716,TIC 284359245,2143016302194287616,180161,-4.480
717,TIC 174696260,4267889936728496640,,
718,TIC 210208396,4312905248400130560,180263,-4.740
719,TIC 158983365,2127802875200104448,,
720,TIC 122215177,2051069711047203840,181655,-4.950
721,TIC 394547839,2046207670631964928,182488,-4.990
722,TIC 118882363,6772521384023709696,,
723,TIC 410399074,6434153380720177152,181433,-5.140
724,TIC 110541820,2023112497641814528,182807,
725,TIC 26419206,2129771310248902144,183255,-4.990
726,TIC 1914933968,4316214125609945088,231512,
727,TIC 370406321,2018148889833134080,344502,
728,TIC 287197149,2238597054155896832,184467,-4.940
729,TIC 100711809,4187837450005193216,183870,-4.450
730,TIC 259237827,2261614264931057664,185144,-4.793
731,TIC 113248833,6741156023833749504,183783,-4.880
732,TIC 169578947,6764687466752222208,183877,-4.850
733,TIC 373071009,2018474482692959232,184385,-4.640
734,TIC 275633056,2142179058450057728,185414,
735,TIC 237215017,2289645626686624512,186922,-4.670
736,TIC 27533341,2135550755683405824,186408,-5.003
737,TIC 27533327,2135550755683407360,186427,-4.998
738,TIC 370019110,6642655488681211904,186061,-4.930
739,TIC 1871250590,2035021028896869888,186858,-4.620
740,TIC 57746634,2032017717217569280,332518,-4.600
741,TIC 398523562,4290328769993455616,186704,
742,TIC 435479953,2028211207952435712,187237,-4.760
743,TIC 352300400,2235968637250218496,187748,
744,TIC 83867325,2035577729682322176,226099,
745,TIC 237622598,4190374813602603520,187532,-4.190
746,TIC 281360699,4303735493232528384,187923,-5.040
747,TIC 132706871,5534742080239458304,,
748,TIC 241940434,6863591389529611264,187760,-4.460
749,TIC 241967968,6863535898551993344,188088,-4.520
750,TIC 398449624,6416143002299883520,187456,-4.970
751,TIC 271478281,6748283784056800256,188474,-4.850
752,TIC 281827534,2030317253745186304,189087,-4.630
753,TIC 48769732,4188997606567280640,188807,-4.740
754,TIC 320847025,6449124395465377792,188559,-4.940
755,TIC 211305389,6698960688866464768,189245,-4.100
756,TIC 256364928,1827242816201846272,189733,-4.490
757,TIC 418189606,1807953155988203264,190067,-4.845
758,TIC 101400058,6667318634003429376,189484,-4.870
759,TIC 345217789,4247023886053586432,190007,-4.668
760,TIC 105999792,2029433521248546304,190360,-5.033
761,TIC 287947139,1833199729671740928,190404,-5.017
762,TIC 114786312,6696911783307547648,189931,-4.700
763,TIC 275240386,1821708351374311936,190406,-4.791
764,TIC 244330163,1834788970646666240,190470,-4.720
765,TIC 233342788,2185710338703934976,,
766,TIC 274764311,2061876742143320064,190771,-4.410
767,TIC 352402781,6427244702486210560,189567,-4.830
768,TIC 422044019,6472858766996632576,190422,-4.390
769,TIC 366286774,4250371241820042240,,
770,TIC 86876075,1809456596391861248,191499,-4.970
771,TIC 236866556,2237876496083973632,192139,
772,TIC 75231315,6866310172545095680,191391,-4.520
773,TIC 243962745,4224259562941398528,192263,-4.565
774,TIC 129480666,6669657123437047808,192961,-4.800
775,TIC 34798133,6796392812250051584,194640,-4.880
776,TIC 210119810,1818697205647102720,195034,-4.960
777,TIC 230599898,1863898674120773632,,
778,TIC 17038893,2067948245320365056,195987,-4.930
779,TIC 64804337,2063583390317759488,196850,-4.973
780,TIC 188401533,6854626246593473536,196761,-4.913
781,TIC 326186977,6855358349537380352,196998,-3.840
782,TIC 100670109,6471497502884511744,196877,-4.830
783,TIC 269885278,6795261758382370816,197214,-4.873
784,TIC 76834292,6855520385765481472,,
785,TIC 230746433,1859954627138933760,198425,-4.620
786,TIC 282843610,1858219151114884352,198550,-4.400
787,TIC 365986270,2182197777015312384,,
788,TIC 345194297,1758463038092175360,,
789,TIC 126584063,6484716209628727296,199288,-4.805
790,TIC 205788518,6890278254718504960,199704,-4.920
791,TIC 387809195,2271636863174005504,,
792,TIC 79015105,6477114289313395712,199623,-4.610
793,TIC 92566472,6781117812601143296,199981,-4.540
794,TIC 304379558,2163558855915068416,200560,-4.415
795,TIC 283552865,1736838805468812288,200779,-4.550
796,TIC 214563193,6885342955043185664,200968,-4.590
797,TIC 372361075,6376731416021420032,200505,-4.700
798,TIC 76957315,1852732141404704512,202108,-4.710
799,TIC 289952026,6787883382523590656,201989,-4.523
800,TIC 388996956,1743592452563243008,202575,-4.410
801,TIC 376363393,2689454850844597248,202751,-5.000
802,TIC 439391442,6832674634380238848,203040,-4.490
803,TIC 373445744,1965602679357877504,203454,-4.227
804,TIC 288422718,1745568309317608960,,
805,TIC 355547281,6453300894679705600,203413,-4.620
806,TIC 321684341,2272191085754928640,204521,-4.840
807,TIC 352621507,2692798534424338432,,
808,TIC 370230471,6460163255986109440,203850,-4.970
809,TIC 147113992,6576209007420385280,203985,-4.960
810,TIC 242020806,6891134705556330496,204587,-4.780
811,TIC 283436283,1797276382668029440,,
812,TIC 99837626,6830027182179257344,204941,-5.000
813,TIC 404393507,2216158427021654528,205434,
814,TIC 468487835,1966275713606876672,205286,
815,TIC 139770629,6465749496610128896,205390,-4.567
816,TIC 441120034,6810896745007524864,205905,-4.577
817,TIC 352510765,6370513647703085056,205536,-4.990
818,TIC 264678534,2300641567596591616,207897,-4.790
819,TIC 248046660,1800378139330660864,206374,-4.705
820,TIC 468517470,1954559047126247936,,
821,TIC 197594519,6584461671116751872,207144,-4.930
822,TIC 197602069,6572326052043362304,,
823,TIC 419923552,1960631100090155264,207966,-4.900
824,TIC 406343361,6402486002729580544,,
825,TIC 258038021,1781003885454166016,208038,-4.460
826,TIC 399897311,1898230241798771712,208313,-4.800
827,TIC 18032286,1896891139712235008,208906,
828,TIC 277716959,6409473742721612800,,
829,TIC 404742107,2621051110039688192,209779,
830,TIC 50227884,2619706544757415936,210277,-5.027
831,TIC 119514195,1906647037667895296,210667,-4.553
832,TIC 278614418,6569895822110445568,210918,-5.005
833,TIC 330736514,2005798350576886272,211472,-4.430
834,TIC 367423213,2220169200616370432,,
835,TIC 231704229,6508401923473282048,211970,-4.610
836,TIC 143980902,6511657371244871680,212038,-5.130
837,TIC 69747593,6821533111257080832,212658,-4.310
838,TIC 337464070,2205488624442109952,,
839,TIC 270582021,6614285855300051968,213042,-4.920
840,TIC 325095105,6392033358000733184,,
841,TIC 299127241,1986803359482315776,,
842,TIC 422438669,2704912403783213568,214683,-4.440
843,TIC 47295522,6608490501308343296,214749,-4.380
844,TIC 70460363,6606890608810806272,214759,-4.915
845,TIC 117545429,6519227714961476608,214731,-4.990
846,TIC 251042502,2623505219992303104,215152,-4.820
847,TIC 338930194,2211393521580984320,215500,-4.955
848,TIC 206614902,6603827644293770240,215641,-4.505
849,TIC 434202601,2833330968155957760,,
850,TIC 264899051,2299942278201276416,216520,-4.975
851,TIC 214990792,6544549880063908864,216054,-4.990
852,TIC 60781630,2720132500864789504,216259,-4.987
853,TIC 435838531,2837037662371901440,,
854,TIC 111184885,2411086582892887040,217065,-4.420
855,TIC 38271828,2648914040357320704,217107,-5.083
856,TIC 33424022,2604115877897249280,,
857,TIC 419012256,2396530698208685056,217357,-4.580
858,TIC 278870306,2636589099125426688,217580,-4.980
859,TIC 245325810,2832641058969396736,217813,-4.463
860,TIC 161439851,6514632718428652544,,
861,TIC 427555426,2212272649844661504,,
862,TIC 422556732,2213415145505277952,218209,-4.905
863,TIC 245367276,2831490694929214464,218261,-4.680
864,TIC 204325307,2384342302577019392,218294,-4.440
865,TIC 278952345,2638410646295370752,218566,
866,TIC 260795451,6391176735363140608,218511,-4.520
867,TIC 218046124,2815542965962559488,218687,-4.325
868,TIC 260795157,6387649914378668032,218572,-4.660
869,TIC 455819325,1935133906477014016,218868,-4.840
870,TIC 431698314,1909581805999126784,219538,-4.835
871,TIC 260852224,6388327179181381632,219495,-4.530
872,TIC 260852228,6388328691010410496,219509,-5.100
873,TIC 234991587,6490470881687780352,219764,-4.390
874,TIC 428988656,2282846074981010688,220140,-3.960
875,TIC 173925925,1937003729077791744,220182,-4.378
876,TIC 173924720,1937923436193950208,220221,-4.580
877,TIC 49644110,2436812303124645376,220339,-4.790
878,TIC 174000626,1938330530370223872,220445,
879,TIC 291243756,6528092355661630464,,
880,TIC 432227128,2870739343031622144,221239,-4.670
881,TIC 444314028,2011251030583236352,221354,-5.040
882,TIC 250080475,2633449134434620416,221356,-4.830
883,TIC 434103018,2395031273585836032,221503,-4.430
884,TIC 422618003,2646280705713202688,,
885,TIC 366036174,2871343486014102016,221851,-4.630
886,TIC 206327795,6523442177391052800,,
887,TIC 176791985,1939093660163197440,222143,-4.450
888,TIC 316781121,2324785228033780736,222335,-4.783
889,TIC 66437824,2390702771185162240,222422,-4.870
890,GAIA DR3 2826159850239895296,2826159850239895552,222474,-4.670
891,TIC 316935835,6488532477048918016,222898,-4.540
892,TIC 352786602,2879203933297161216,,
893,TIC 267255100,2742801956727994880,223374,-4.920
894,TIC 352143681,2878734647990815744,,
895,TIC 33985272,2327840667768506368,223515,-4.700
896,TIC 405561257,2867514406706887680,,
897,TIC 406543332,2867175035571212288,,
898,TIC 378358639,2011565220332867584,,
899,TIC 234298029,6485255520080979968,223913,-4.530
900,TIC 437707246,2847644410526748672,224129,-4.360
901,TIC 270259954,2307132568850133504,224228,-4.410
902,TIC 346546437,1940954617956840192,224465,-4.860
903,TIC 65263849,2334879397612667904,224607,-4.460
904,TIC 155295520,2875096978193872896,224635,
905,TIC 401396607,2745473254589480960,224660,-4.530
906,TIC 341573000,1118916397395366656,,
907,TIC 416519074,853820948481913472,,
908,TIC 82285131,3996306127914172928,,
909,TIC 438260486,60186343087140096,,
910,TIC 82285130,3996306127913903104,,
911,TIC 171301335,873931909508892800,,
912,TIC 192468220,240259375324767744,,
913,TIC 75878355,4610267648427698688,,
914,TIC 258940245,2807687883095124992,,
915,TIC 206238582,6840822904599512064,,
916,TIC 284120758,2475331597059676160,,
917,TIC 357348155,3880785530720066048,,
918,TIC 43299926,2061688931804621312,,
919,TIC 139638207,5092190299327752192,,
920,TIC 467361658,2281114756485256704,,
921,TIC 138618021,2164609507982125824,,
922,TIC 173166307,1478100423554138880,,
923,TIC 67542718,2870375610840623104,,
924,TIC 28127268,5138982181310063616,,
925,TIC 67459023,3967223018862270976,,
926,TIC 64736858,2008413057939005952,,
927,TIC 270693260,580473664802608512,,
928,TIC 72368312,4357347405304553984,,
929,TIC 318025884,986657930396493568,,
930,TIC 271668882,2078105327586616832,,
931,TIC 218044102,2815543034682035712,,
932,TIC 56628845,150694566874541824,,
933,TIC 165980070,3363049071685180928,,
934,TIC 437752575,2855386174976559616,,
935,TIC 57916666,2860839993168688128,,
936,TIC 317281689,2967789386125778944,,
937,TIC 114948814,6773976484578476032,,
938,TIC 14343469,3789058803237071872,,
939,TIC 408549305,1150479046901494016,,
940,TIC 402066134,6387813329294043136,,
941,TIC 330191766,4504577990890909184,,

