star_name,vsini,e_vsini,l_vsini,RHK,e_RHK,S,e_S
TIC 22527304,10.0,0.0,True,-4.47,0.1,0.388,0.072
TIC 408012676,42.13,1.65,False,-4.43,0.22,0.296,0.104
TIC 440109725,20.48,0.0,True,,,0.568,0.101
TIC 440109718,18.9,0.0,True,,,1.083,0.181
TIC 424009747,16.26,5.07,False,-4.97,0.1,0.218,0.043
TIC 415775240,24.42,2.2,False,-3.99,0.11,1.617,0.259
TIC 180871947,2.0,0.0,True,-4.32,0.11,0.396,0.074
TIC 196692982,12.58,0.0,True,-4.75,0.14,0.226,0.045
TIC 439410069,10.0,0.0,True,-4.35,0.1,0.479,0.087
TIC 10802452,10.0,0.0,True,-4.25,0.09,0.619,0.11
TIC 186530059,10.0,0.0,True,-4.65,0.12,0.278,0.054
TIC 191770861,14.34,0.0,True,-4.5,0.24,0.263,0.093
TIC 18251910,19.33,4.22,False,-4.59,0.13,0.277,0.053
TIC 373694425,10.0,0.0,True,-4.77,0.22,0.237,0.085
TIC 60959951,12.38,0.0,True,-4.56,0.12,0.292,0.056
TIC 266746662,13.46,0.0,True,-4.16,0.09,0.575,0.103
TIC 306426710,15.69,0.0,True,-4.57,0.12,0.286,0.055
TIC 184735829,10.0,0.0,True,-4.69,0.14,0.235,0.046
TIC 184737443,10.0,0.0,True,-4.63,0.13,0.265,0.051
TIC 63782132,10.0,0.0,True,-4.9,0.19,0.171,0.035
TIC 408825594,23.69,3.23,False,-3.83,0.08,0.948,0.16
TIC 30016911,10.0,0.0,True,-4.52,0.09,0.443,0.081
GAIA DR3 437576632532294272,15.16,0.0,True,-4.82,0.15,0.519,0.173
TIC 61105191,10.0,0.0,True,-4.64,0.14,0.241,0.047
TIC 365294034,10.0,0.0,True,-4.75,0.17,0.196,0.039
TIC 88481300,10.0,0.0,True,-4.52,0.12,0.313,0.06
TIC 23220549,10.0,0.0,True,-4.4,0.11,0.444,0.081
TIC 49906916,62.77,3.01,False,-4.34,0.11,0.346,0.065
TIC 445925825,10.0,0.0,True,-4.73,0.16,0.209,0.042
TIC 142875660,10.0,0.0,True,-4.61,0.12,0.278,0.054
TIC 316960830,10.0,0.0,True,-4.84,0.12,0.238,0.047
TIC 301564622,10.0,0.0,True,-5.04,0.25,0.146,0.03
TIC 9150015,23.86,3.41,False,-4.5,0.13,0.266,0.052
TIC 283826260,10.0,0.0,True,-4.62,0.14,0.252,0.049
TIC 250193088,10.17,0.0,True,-4.67,0.14,0.241,0.047
TIC 435926536,11.54,0.0,True,-4.58,0.13,0.277,0.053
TIC 59087638,10.0,0.0,True,-4.47,0.12,0.301,0.058
TIC 17409930,10.0,0.0,True,-4.33,0.09,0.698,0.122
TIC 448847484,30.27,2.32,False,-4.53,0.13,0.256,0.05
GAIA DR3 3313743710417140864,15.68,0.0,True,-4.52,0.12,0.297,0.057
TIC 60903802,13.72,0.0,True,-4.62,0.13,0.271,0.052
TIC 373027194,14.8,4.15,False,-4.55,0.13,0.261,0.051
TIC 245792139,14.63,0.0,True,-4.59,0.13,0.256,0.05
TIC 245794704,10.35,0.0,True,-4.52,0.11,0.387,0.072
TIC 245800048,10.0,0.0,True,-4.29,0.09,0.738,0.128
TIC 245826993,10.0,0.0,True,-4.39,0.11,0.338,0.064
TIC 245831726,10.0,0.0,True,-4.8,0.11,0.293,0.056
TIC 245835422,14.09,0.0,True,-4.61,0.12,0.288,0.055
TIC 245837275,14.46,0.0,True,-4.63,0.11,0.393,0.073
TIC 245860592,10.0,0.0,True,-4.47,0.1,0.414,0.077
TIC 245863570,10.0,0.0,True,-4.52,0.13,0.289,0.056
TIC 170766454,10.0,0.0,True,-4.76,0.13,0.237,0.047
GAIA DR3 3309956850635519488,10.0,0.0,True,-4.69,0.11,0.42,0.077
TIC 140638831,73.09,1.61,False,-4.3,0.11,0.36,0.068
TIC 436590739,12.7,0.0,True,-4.63,0.13,0.263,0.051
TIC 1275381,10.83,0.0,True,-4.73,0.13,0.248,0.048
TIC 1334907,12.35,0.0,True,-4.72,0.12,0.257,0.05
TIC 293608218,11.68,0.0,True,-4.75,0.12,0.248,0.048
TIC 27136704,10.0,0.0,True,-4.98,0.2,0.162,0.033
TIC 94945758,55.18,1.99,False,-4.29,0.11,0.388,0.072
TIC 50726077,19.66,0.0,True,,,0.786,0.136
TIC 416882160,10.0,0.0,True,-4.46,0.1,0.388,0.072
TIC 140282069,10.24,0.0,True,-4.88,0.18,0.181,0.037
TIC 426400173,10.52,0.0,True,-5.08,0.15,0.156,0.032
TIC 138350803,8.9,0.0,True,-4.4,0.1,0.418,0.077
TIC 200093173,10.0,0.0,True,-4.95,0.16,0.177,0.036
TIC 32869782,10.0,0.0,True,-4.62,0.14,0.238,0.047
TIC 468810471,10.0,0.0,True,-4.43,0.1,0.43,0.079
TIC 124279525,19.12,0.0,True,,,0.931,0.158
TIC 191833127,24.44,5.49,False,-4.62,0.15,0.222,0.044
TIC 177524050,10.0,0.0,True,-4.34,0.09,0.751,0.13
TIC 165980070,15.7,3.16,False,-5.64,0.21,0.073,0.016
TIC 50651990,10.0,0.0,True,-4.89,0.18,0.178,0.036
TIC 6677245,11.74,0.0,True,-5.01,0.24,0.148,0.031
TIC 456847274,10.0,0.0,True,-4.74,0.15,0.213,0.042
TIC 7131321,10.0,0.0,True,-4.47,0.09,0.482,0.088
TIC 114021052,14.94,0.0,True,-4.36,0.1,0.444,0.081
TIC 241142525,14.79,0.0,True,-4.5,0.12,0.303,0.058
TIC 71434397,10.0,0.0,True,-4.66,0.13,0.251,0.049
TIC 14859653,10.0,0.0,True,-4.61,0.13,0.265,0.051
TIC 71561609,10.0,0.0,True,-4.92,0.2,0.163,0.033
TIC 19193730,10.0,0.0,True,-4.87,0.15,0.196,0.039
TIC 302188141,15.86,0.0,True,-5.05,0.26,0.138,0.029
TIC 23652211,29.97,1.53,False,-4.44,0.11,0.336,0.063
TIC 23652204,27.37,3.24,False,-4.39,0.1,0.871,0.149
TIC 289588769,10.0,0.0,True,-4.49,0.11,0.342,0.065
TIC 468431110,32.63,3.54,False,-4.49,0.13,0.24,0.047
TIC 121286109,10.0,0.0,True,-4.57,0.1,0.357,0.067
TIC 101546760,14.67,0.0,True,-4.43,0.18,0.822,0.141
TIC 417762326,13.26,0.0,True,-4.48,0.12,0.306,0.059
TIC 393124350,13.67,0.0,True,-4.83,0.18,0.184,0.037
TIC 393124353,19.11,0.0,True,-4.71,0.12,0.272,0.053
TIC 262587669,12.61,0.0,True,-4.63,0.13,0.266,0.052
TIC 114824306,30.29,2.35,False,-4.19,0.1,0.472,0.086
TIC 188503588,10.0,0.0,True,-4.53,0.11,0.35,0.066
TIC 88646759,24.24,3.39,False,-4.41,0.12,0.331,0.063
TIC 383217678,43.04,1.22,False,-4.53,0.13,0.253,0.049
TIC 46907042,27.28,1.3,False,-4.06,0.08,1.26,0.2
TIC 172533278,16.15,9.1,True,-4.32,0.09,0.54,0.097
TIC 8915802,10.0,0.0,True,-4.62,0.11,0.295,0.057
TIC 453445590,10.0,0.0,True,-4.53,0.12,0.32,0.061
TIC 70871696,10.66,0.0,True,-4.46,0.12,0.294,0.056
TIC 71094440,10.0,0.0,True,-4.76,0.16,0.201,0.04
TIC 371545301,10.22,0.0,True,-4.42,0.1,0.409,0.076
TIC 53550721,10.0,0.0,True,-4.29,0.11,0.41,0.076
TIC 277895096,12.91,0.0,True,-4.47,0.12,0.295,0.057
TIC 321289619,16.97,0.0,True,-4.5,0.13,0.285,0.055
TIC 169248301,10.0,0.0,True,-4.88,0.17,0.187,0.038
TIC 150276644,13.16,0.0,True,-4.5,0.13,0.281,0.054
TIC 82285488,11.08,0.0,True,-4.5,0.11,0.354,0.067
TIC 437256139,9.04,0.0,True,-5.01,0.23,0.152,0.031
TIC 334894562,11.5,0.0,True,-4.7,0.12,0.258,0.05
TIC 18065952,10.0,0.0,True,-4.81,0.17,0.189,0.038
TIC 393884179,10.0,0.0,True,-5.07,0.25,0.145,0.03
TIC 185260035,10.0,0.0,True,-4.62,0.14,0.23,0.045
TIC 32636439,10.0,0.0,True,-4.87,0.19,0.172,0.035
TIC 32636530,10.0,0.0,True,-4.6,0.11,0.316,0.06
TIC 325315797,10.0,0.0,True,-4.47,0.11,0.476,0.087
TIC 156986186,10.0,0.0,True,-4.86,0.16,0.191,0.038
TIC 142962481,17.24,0.0,True,-4.45,0.12,0.313,0.06
TIC 21623610,10.0,0.0,True,-4.69,0.11,0.275,0.053
TIC 397558016,10.0,0.0,True,-4.76,0.12,0.249,0.049
TIC 397558558,10.0,0.0,True,-4.97,0.21,0.162,0.033
TIC 72408098,13.83,0.0,True,-4.47,0.12,0.307,0.059
TIC 18905408,23.9,2.69,False,-5.4,0.25,0.673,0.118
TIC 376688975,20.33,3.64,False,-4.85,0.56,0.519,0.094
TIC 297138738,10.0,0.0,True,-4.45,0.12,0.305,0.058
TIC 99303738,21.87,4.85,False,-4.56,0.14,0.25,0.049
TIC 458445966,10.0,0.0,True,-4.98,0.21,0.158,0.032
TIC 142277151,48.83,1.74,False,-4.54,0.13,0.246,0.048
TIC 450335652,13.37,3.88,False,-4.41,0.1,0.558,0.1
TIC 198285529,17.47,0.0,True,-4.52,0.13,0.267,0.052
TIC 17740827,14.21,0.0,True,-4.21,0.09,0.816,0.14
TIC 124612531,18.04,0.0,True,-4.42,0.09,0.515,0.093
TIC 373765355,13.52,0.0,True,-4.55,0.09,0.426,0.078
TIC 367758219,10.0,0.0,True,-4.79,0.15,0.211,0.042
TIC 232527921,10.0,0.0,True,-4.82,0.18,0.181,0.037
TIC 6041460,10.0,0.0,True,-4.42,0.11,0.395,0.073
TIC 159613900,22.01,3.95,False,-4.2,0.1,0.515,0.093
TIC 440875191,11.19,0.0,True,-4.46,0.12,0.292,0.056
TIC 441003396,11.43,0.0,True,-4.54,0.13,0.265,0.051
TIC 202426247,17.89,0.0,True,-4.44,0.11,0.346,0.065
TIC 257048642,20.51,4.02,False,-3.97,0.08,1.806,0.287
TIC 345585983,15.46,0.0,True,-4.77,0.13,0.236,0.046
TIC 346160387,18.85,0.0,True,,,0.729,0.127
TIC 116385975,10.0,0.0,True,-4.85,0.17,0.192,0.039
TIC 159331748,17.39,0.0,True,-4.32,0.1,0.527,0.095
TIC 159331746,17.62,0.0,True,-4.27,0.1,0.46,0.084
TIC 148817611,10.0,0.0,True,-4.97,0.11,0.212,0.042
TIC 437430894,10.0,0.0,True,-4.9,0.19,0.175,0.035
TIC 24089803,10.0,0.0,True,-4.86,0.27,0.197,0.072
TIC 291067698,13.32,0.0,True,-4.6,0.14,0.247,0.048
TIC 159511543,10.0,0.0,True,-4.7,0.15,0.219,0.043
TIC 349406063,10.0,0.0,True,-4.82,0.18,0.183,0.037
TIC 399001403,10.0,0.0,True,-4.32,0.2,0.392,0.134
TIC 157865215,10.0,0.0,True,-4.4,0.21,0.345,0.12
TIC 181938424,10.0,0.0,True,-4.81,0.16,0.197,0.039
TIC 297236135,10.0,0.0,True,-4.61,0.14,0.242,0.047
TIC 85407620,10.0,0.0,True,-4.42,0.14,1.031,0.173
TIC 198384408,10.84,0.0,True,-4.76,0.14,0.219,0.043
TIC 39464221,10.0,0.0,True,-4.83,0.17,0.192,0.039
TIC 441801208,10.37,0.0,True,-4.08,0.16,0.749,0.242
TIC 159820018,10.0,0.0,True,-4.26,0.09,0.768,0.133
TIC 159019691,10.0,0.0,True,-4.98,0.14,0.175,0.035
TIC 135443051,50.7,9.89,False,-4.25,0.1,0.471,0.086
TIC 320959269,35.3,2.12,False,-4.13,0.09,0.691,0.121
TIC 180762527,10.0,0.0,True,-4.36,0.11,0.382,0.071
TIC 76136632,10.0,0.0,True,-4.75,0.29,0.206,0.075
TIC 85265028,20.9,3.67,False,,,,
TIC 357793687,11.59,0.0,True,-4.5,0.22,0.293,0.103
TIC 471000657,38.48,1.58,False,-4.21,0.1,0.491,0.089
TIC 68198255,23.45,1.2,False,-4.83,0.26,0.682,0.119
TIC 157760804,11.55,0.0,True,-4.48,0.23,0.278,0.098
TIC 350166984,16.68,0.0,True,-4.23,0.08,0.99,0.167
TIC 42705187,27.11,2.67,False,-4.11,0.09,0.797,0.137
TIC 2288734,10.0,0.0,True,-4.78,0.17,0.188,0.038
TIC 132696054,15.16,0.0,True,,,,
TIC 112995114,10.0,0.0,True,-4.55,0.23,0.272,0.096
TIC 96777752,10.0,0.0,True,,,,
TIC 281446108,10.0,0.0,True,-4.63,0.25,0.244,0.087
TIC 345217789,10.0,0.0,True,-4.78,0.09,0.511,0.092
TIC 287947139,10.0,0.0,True,-5.01,0.14,0.169,0.034
TIC 296013024,10.0,0.0,True,-4.94,0.29,0.179,0.066
TIC 244084195,10.0,0.0,True,-4.64,0.26,0.228,0.082
TIC 210119810,10.0,0.0,True,-4.81,0.29,0.197,0.072
TIC 64804337,10.0,0.0,True,-5.06,0.24,0.15,0.031
TIC 330872058,10.0,0.0,True,-4.98,0.21,0.162,0.033
TIC 387526927,10.0,0.0,True,-4.42,0.18,0.423,0.144
TIC 206189744,115.8,3.29,False,-4.21,0.19,0.443,0.15
TIC 247250544,10.0,0.0,True,-4.8,0.31,0.189,0.069
TIC 283550805,10.0,0.0,True,-4.47,0.12,0.316,0.06
TIC 165602000,10.0,0.0,True,-4.79,0.08,0.575,0.103
TIC 165602023,17.56,0.0,True,-4.89,0.08,0.774,0.134
TIC 283712633,10.8,0.0,True,-4.59,0.12,0.289,0.056
TIC 76957315,12.59,0.0,True,-4.76,0.27,0.211,0.076
TIC 289952026,10.0,0.0,True,-4.54,0.12,0.305,0.058
TIC 25559430,10.0,0.0,True,-4.47,0.1,0.389,0.072
TIC 268215639,10.0,0.0,True,-4.59,0.26,0.233,0.083
TIC 352817358,21.98,2.18,False,-4.06,0.12,1.253,0.206
TIC 441120034,10.0,0.0,True,-4.71,0.15,0.223,0.044
TIC 248046660,10.0,0.0,True,-4.78,0.14,0.215,0.043
TIC 366380782,10.0,0.0,True,-4.59,0.07,2.27,0.353
TIC 331542393,12.0,0.0,True,-4.47,0.11,0.344,0.065
TIC 292987389,10.0,0.0,True,,,1.846,0.292
TIC 80080066,10.0,0.0,True,-4.49,0.23,0.272,0.096
TIC 404742107,12.17,0.0,True,-4.63,0.13,0.258,0.05
TIC 119514195,10.0,0.0,True,-4.66,0.11,0.297,0.057
TIC 431107890,43.49,0.0,True,-4.09,0.08,0.986,0.166
TIC 415868365,15.58,4.26,False,-4.78,0.15,0.212,0.042
TIC 67069964,10.79,0.0,True,-5.01,0.41,0.153,0.057
TIC 206686962,10.0,0.0,True,-4.46,0.14,1.012,0.319
TIC 270377865,10.0,0.0,True,-4.41,0.11,0.357,0.067
TIC 173418717,10.0,0.0,True,-4.66,0.14,0.241,0.047
TIC 76960978,10.14,0.0,True,-4.62,0.11,0.317,0.06
TIC 176640151,13.75,0.0,True,-4.92,0.2,0.167,0.034
